Painting Name,Origin,Image Address,Artistic Location,Creation Date
Agostina Segatori Sitting in the Cafe du Tambourin,"Paris: February-March, 1887",http://www.vggallery.com/painting/f_0370.jpg,Paris,1887
Almond Tree in Blossom,"Arles: April, 1888",http://www.vggallery.com/painting/f_0557.jpg,Arles,1888
Apricot Trees in Blossom,"Arles: April, 1888",http://www.vggallery.com/painting/f_0399.jpg,Arles,1888
Apricot Trees in Blossom,"Arles: April, 1888",http://www.vggallery.com/painting/f_0556.jpg,Arles,1888
Arles: View from the Wheat Fields,"Arles: June, 1888",http://www.vggallery.com/painting/f_0545.jpg,Arles,1888
At the Foot of the Mountains,"Saint-Remy: early June, 1889",http://www.vggallery.com/painting/f_0723.jpg,Saint-Remy,1889
Autumn Landscape,"Nuenen: October, 1885",http://www.vggallery.com/painting/f_0119.jpg,Nuenen,1885
Autumn Landscape at Dusk,"Nuenen: October-November, 1885",http://www.vggallery.com/painting/f_0121.jpg,Nuenen,1885
Autumn Landscape with Four Trees,"Nuenen: November, 1885",http://www.vggallery.com/painting/f_0044.jpg,Nuenen,1885
Auvers Town Hall on 14 July 1890,"Auvers-sur-Oise: July, 1890",http://www.vggallery.com/painting/f_0790.jpg,Auvers-sur-Oise,1890
Avenue in Voyer d'Argenson Park at Asnieres,"Paris: Summer, 1887",http://www.vggallery.com/painting/f_0277.jpg,Paris,1887
Avenue of Plane Trees near Arles Station,"Arles: March, 1888",http://www.vggallery.com/painting/f_0398.jpg,Arles,1888
Avenue of Poplars at Sunset,"Nuenen: October, 1884",http://www.vggallery.com/painting/f_0123.jpg,Nuenen,1884
Avenue of Poplars in Autumn,"Nuenen: late October, 1884",http://www.vggallery.com/painting/f_0122.jpg,Nuenen,1884
"Baby Marcelle Roulin, The","Arles: December, 1888",http://www.vggallery.com/painting/f_0441.jpg,Arles,1888
"Baby Marcelle Roulin, The","Arles: December, 1888",http://www.vggallery.com/painting/f_0441a.jpg,Arles,1888
"Baby Marcelle Roulin, The","Arles: December, 1888",http://www.vggallery.com/painting/f_0440.jpg,Arles,1888
Backyards of Old Houses in Antwerp in the Snow,"Antwerp: December, 1885",http://www.vggallery.com/painting/f_0260.jpg,Antwerp,1885
Bank of the Oise at Auvers,"Auvers-sur-Oise: July, 1890",http://www.vggallery.com/painting/f_0798.jpg,Auvers-sur-Oise,1890
"Banks of the Seine with Boats, The","Paris: Spring, 1887",http://www.vggallery.com/painting/f_0353.jpg,Paris,1887
Banks of the Seine with Pont de Clichy in the Spring,"Paris: June, 1887",http://www.vggallery.com/painting/f_0352.jpg,Paris,1887
Banks of the Seine with the Pont de Clichy,"Paris: Summer, 1887",http://www.vggallery.com/painting/f_0302.jpg,Paris,1887
"Banks of the Seine, The","Paris: May-June, 1887",http://www.vggallery.com/painting/f_0293.jpg,Paris,1887
Basket of Apples,"Nuenen: September, 1885",http://www.vggallery.com/painting/f_0099.jpg,Nuenen,1885
Basket of Apples,"Nuenen: September, 1885",http://www.vggallery.com/painting/f_0101.jpg,Nuenen,1885
Basket of Potatoes,"Nuenen: September, 1885",http://www.vggallery.com/painting/f_0100.jpg,Nuenen,1885
Basket of Potatoes,"Nuenen: September, 1885",http://www.vggallery.com/painting/f_0116.jpg,Nuenen,1885
Basket of Sprouting Bulbs,"Paris: March-April, 1887",http://www.vggallery.com/painting/f_0336.jpg,Paris,1887
Baskets of Potatoes,"Nuenen: September, 1885",http://www.vggallery.com/painting/f_0107.jpg,Nuenen,1885
Bathing Float on the Seine at Asnieres,"Paris: Summer, 1887",http://www.vggallery.com/painting/f_0311.jpg,Paris,1887
Beach at Scheveningen in Calm Weather,"The Hague: August, 1882",http://www.vggallery.com/painting/f_0002.jpg,The Hague,1882
"Bedroom, The","Saint-Remy: early September, 1889",http://www.vggallery.com/painting/f_0484.jpg,Saint-Remy,1889
Beer Tankards,"Nuenen: September-mid-October, 1885",http://www.vggallery.com/painting/f_0049.jpg,Nuenen,1885
Blossoming Acacia Branches,"Auvers-sur-Oise: June, 1890",http://www.vggallery.com/painting/f_0821.jpg,Auvers-sur-Oise,1890
Blossoming Almond Branch in a Glass,"Arles: early March, 1888",http://www.vggallery.com/painting/f_0392.jpg,Arles,1888
Blossoming Almond Branch in a Glass with a Book,"Arles: early March, 1888",http://www.vggallery.com/painting/f_0393.jpg,Arles,1888
Blossoming Almond Tree,"Saint-Remy: February, 1890",http://www.vggallery.com/painting/f_0671.jpg,Saint-Remy,1890
Blossoming Chestnut Branches,"Auvers-sur-Oise: May, 1890",http://www.vggallery.com/painting/f_0820.jpg,Auvers-sur-Oise,1890
Blossoming Pear Tree,"Arles: April, 1888",http://www.vggallery.com/painting/f_0405.jpg,Arles,1888
Bobbin Winder,"Nuenen: March-April, 1885",http://www.vggallery.com/painting/f_0175.jpg,Nuenen,1885
"Bois de Boulogne with People Walking, The","Paris: Summer, 1886",http://www.vggallery.com/painting/f_0225.jpg,Paris,1886
"Bois de Boulogne with People Walking, The","Paris: Summer, 1886",http://www.vggallery.com/painting/f_0224.jpg,Paris,1886
"Bois de Boulogne with People Walking, The","Paris: Autumn, 1886",http://www.vggallery.com/painting/jh_add02.jpg,Paris,1886
Boulevard de Clichy,"Paris: February-March, 1887",http://www.vggallery.com/painting/f_0292.jpg,Paris,1887
Bowl with Chrysanthemums,"Paris: Summer, 1886",http://www.vggallery.com/painting/f_0217.jpg,Paris,1886
Bowl with Daffodils,"Paris, 1886",http://www.vggallery.com/painting/jh_add01.jpg,Paris,1886
Bowl with Peonies and Roses,"Paris: Autumn, 1886",http://www.vggallery.com/painting/f_0249.jpg,Paris,1886
"Bowl with Sunflowers, Roses and Other Flowers","Paris: August-September, 1886",http://www.vggallery.com/painting/f_0250.jpg,Paris,1886
"Bridge at Trinquetaille, The","Arles: June, 1888",http://www.vggallery.com/painting/f_0426.jpg,Arles,1888
Bridges across the Seine at Asnieres,"Paris: Summer, 1887",http://www.vggallery.com/painting/f_0301.jpg,Paris,1887
"Brothel, The","Arles: October, 1888",http://www.vggallery.com/painting/f_0478.jpg,Arles,1888
Bulb Fields,"The Hague: April, 1883",http://www.vggallery.com/painting/f_0186.jpg,The Hague,1883
"Cafe Terrace on the Place du Forum, Arles, at Night, The","Arles: September, 1888",http://www.vggallery.com/painting/f_0467.jpg,Arles,1888
Canal with Women Washing,"Arles: June, 1888",http://www.vggallery.com/painting/f_0427.jpg,Arles,1888
Cart with Black Ox,"Nuenen: July, 1884",http://www.vggallery.com/painting/f_0039.jpg,Nuenen,1884
Cart with Red and White Ox,"Nuenen: July, 1884",http://www.vggallery.com/painting/f_0038.jpg,Nuenen,1884
Chestnut Tree in Blossom,"Auvers-sur-Oise: May, 1890",http://www.vggallery.com/painting/f_0752.jpg,Auvers-sur-Oise,1890
Chestnut Tree in Blossom,"Paris: May, 1887",http://www.vggallery.com/painting/f_0270a.jpg,Paris,1887
Chestnut Trees in Blossom,"Auvers-sur-Oise: May, 1890",http://www.vggallery.com/painting/f_0751.jpg,Auvers-sur-Oise,1890
Child with Orange,"Auvers-sur-Oise: June, 1890",http://www.vggallery.com/painting/f_0785.jpg,Auvers-sur-Oise,1890
Chrysanthemums and Wild Flowers in a Vase,"Paris: Autumn, 1887",http://www.vggallery.com/painting/f_0588.jpg,Paris,1887
"Church at Auvers, The","Auvers-sur-Oise: June, 1890",http://www.vggallery.com/painting/f_0789.jpg,Auvers-sur-Oise,1890
Cineraria in a Flowerpot,"Paris: July-August, 1886",http://www.vggallery.com/painting/f_0282.jpg,Paris,1886
Clumps of Grass,"Arles: April, 1889",http://www.vggallery.com/painting/f_0582.jpg,Arles,1889
Cluster of Old Houses with the New Church in The Hague,"The Hague: August, 1882",http://www.vggallery.com/painting/f_0204.jpg,The Hague,1882
Coal Barges,"Arles: August, 1888",http://www.vggallery.com/painting/f_0437.jpg,Arles,1888
Coal Barges,"Arles: August, 1888",http://www.vggallery.com/painting/f_0438.jpg,Arles,1888
Coleus Plant in a Flowerpot,"Paris: Summer, 1886",http://www.vggallery.com/painting/f_0281.jpg,Paris,1886
Congregation Leaving the Reformed Church in Nuenen,"Nuenen: January-February, 1884 and Autumn, 1885",http://www.vggallery.com/painting/f_0025.jpg,Nuenen,1885
"Corner in the Garden of Saint-Paul Hospital, A","Saint-Remy: May, 1889",http://www.vggallery.com/painting/f_0609.jpg,Saint-Remy,1889
Corner of Voyer d'Argenson Park at Asnieres,"Paris: Summer, 1887",http://www.vggallery.com/painting/f_0315.jpg,Paris,1887
Cottage,"Nuenen: June, 1885",http://www.vggallery.com/painting/f_0091.jpg,Nuenen,1885
Cottage,"Nuenen: June-July, 1885",http://www.vggallery.com/painting/jh_add23.jpg,Nuenen,1885
Cottage and Woman with Goat,"Nuenen: June-July, 1885",http://www.vggallery.com/painting/f_0090.jpg,Nuenen,1885
"Cottage, The","Nuenen: mid May, 1885",http://www.vggallery.com/painting/f_0083.jpg,Nuenen,1885
Cottage with Decrepit Barn and Stooping Woman,"Nuenen: July, 1885",http://www.vggallery.com/painting/f_1669.jpg,Nuenen,1885
Cottage with Peasant Coming Home,"Nuenen: July, 1885",http://www.vggallery.com/painting/f_0170.jpg,Nuenen,1885
Cottage with Peasant Woman Digging,"Nuenen: June, 1885",http://www.vggallery.com/painting/f_0089.jpg,Nuenen,1885
Cottage with Trees,"Nuenen: June, 1885",http://www.vggallery.com/painting/f_0092.jpg,Nuenen,1885
Cottage with Trees,"Nuenen: June, 1885",http://www.vggallery.com/painting/f_0092a.jpg,Nuenen,1885
Cottage with Trees,"Nuenen: June, 1885",http://www.vggallery.com/painting/f_0093.jpg,Nuenen,1885
Cottage with Trees and Peasant Woman,"Nuenen: June, 1885",http://www.vggallery.com/painting/f_0187.jpg,Nuenen,1885
Cottages,"Nieuw-Amsterdam: mid September-mid November, 1883",http://www.vggallery.com/painting/f_0017.jpg,Nieuw-Amsterdam,1883
Cottages and Cypresses: Reminiscence of the North,"Saint-Remy: March-April, 1890",http://www.vggallery.com/painting/f_0675.jpg,Saint-Remy,1890
Cottages: Reminiscence of the North,"Saint-Remy: March-April, 1890",http://www.vggallery.com/painting/f_0673.jpg,Saint-Remy,1890
Country Lane with Two Figures,"Nuenen: October, 1885",http://www.vggallery.com/painting/f_0191a.jpg,Nuenen,1885
Couples in the Voyer d'Argenson Park at Asnieres,"Paris: June-July, 1887",http://www.vggallery.com/painting/f_0314.jpg,Paris,1887
"Courtyard of the Hospital at Arles, The","Arles: April, 1889",http://www.vggallery.com/painting/f_0519.jpg,Arles,1889
Cows (after Jordaens),"Auvers-sur-Oise: July, 1890",http://www.vggallery.com/painting/f_0822.jpg,Auvers-sur-Oise,1890
Cows in the Meadow,"The Hague: August, 1883",http://www.vggallery.com/painting/f_0015.jpg,The Hague,1883
Crab on Its Back,"Paris: August-September, 1887",http://www.vggallery.com/painting/f_0605.jpg,Paris,1887
Cypresses,"Saint-Remy: June, 1889",http://www.vggallery.com/painting/f_0613.jpg,Saint-Remy,1889
Cypresses and Two Women,"Saint-Remy: February, 1890",http://www.vggallery.com/painting/f_0621.jpg,Saint-Remy,1890
Cypresses with Two Female Figures,"Saint-Remy: June, 1889",http://www.vggallery.com/painting/f_0620.jpg,Saint-Remy,1889
"Dance Hall in Arles, The","Arles: December, 1888",http://www.vggallery.com/painting/f_0547.jpg,Arles,1888
Daubigny's Garden,"Auvers-sur-Oise: July, 1890",http://www.vggallery.com/painting/f_0777.jpg,Auvers-sur-Oise,1890
Daubigny's Garden,"Auvers-sur-Oise: July, 1890",http://www.vggallery.com/painting/f_0776.jpg,Auvers-sur-Oise,1890
Daubigny's Garden,"Auvers-sur-Oise: mid-June, 1890",http://www.vggallery.com/painting/f_0765.jpg,Auvers-sur-Oise,1890
"De Ruijterkade in Amsterdam, The",Amsterdam: 8 October 1885,http://www.vggallery.com/painting/f_0211.jpg,Amsterdam,1885
Doctor Gachet's Garden in Auvers,"Auvers-sur-Oise: May, 1890",http://www.vggallery.com/painting/f_0755.jpg,Auvers-sur-Oise,1890
"Drinkers, The","Saint-Remy: February, 1890",http://www.vggallery.com/painting/f_0667.jpg,Saint-Remy,1890
Dunes,"The Hague: August, 1882",http://www.vggallery.com/painting/f_0002a.jpg,The Hague,1882
Dunes with Figures,"The Hague: August, 1882",http://www.vggallery.com/painting/f_0003.jpg,The Hague,1882
Ears of Wheat,"Auvers-sur-Oise: June, 1890",http://www.vggallery.com/painting/f_0767.jpg,Auvers-sur-Oise,1890
Edge of a Wheatfield with Poppies,"Paris: Spring, 1887",http://www.vggallery.com/painting/f_0310a.jpg,Paris,1887
Edge of a Wood,"The Hague: August, 1882",http://www.vggallery.com/painting/f_0192.jpg,The Hague,1882
Encampment of Gypsies with Caravans,"Arles: August, 1888",http://www.vggallery.com/painting/f_0445.jpg,Arles,1888
Enclosed Field with Ploughman,"Saint-Remy: late August, 1889",http://www.vggallery.com/painting/f_0625.jpg,Saint-Remy,1889
Enclosed Field with Rising Sun,"Saint-Remy: December, 1889",http://www.vggallery.com/painting/f_0737.jpg,Saint-Remy,1889
Enclosed Wheat Field with Peasant,"Saint-Remy: early October, 1889",http://www.vggallery.com/painting/f_0641.jpg,Saint-Remy,1889
Entrance of Voyer d'Argenson Park at Asnières,"Paris: Spring, 1887",http://www.vggallery.com/painting/f_0305.jpg,Paris,1887
Entrance to a Quarry,"Saint-Remy: mid-July, 1889",http://www.vggallery.com/painting/f_0744.jpg,Saint-Remy,1889
Entrance to a Quarry near Saint-Remy,"Saint-Remy: October, 1889",http://www.vggallery.com/painting/f_0635.jpg,Saint-Remy,1889
Entrance to the Public Park in Arles,"Arles: September, 1888",http://www.vggallery.com/painting/f_0566.jpg,Arles,1888
Evening Landscape with Rising Moon,"Saint-Remy: early July, 1889",http://www.vggallery.com/painting/f_0735.jpg,Saint-Remy,1889
Evening: The End of the Day (after Millet),"Saint-Remy: November, 1889",http://www.vggallery.com/painting/f_0649.jpg,Saint-Remy,1889
Evening: The Watch (after Millet),"Saint-Remy: late October, 1889",http://www.vggallery.com/painting/f_0647.jpg,Saint-Remy,1889
Exterior of a Restaurant at Asnieres,"Paris: Summer, 1887",http://www.vggallery.com/painting/f_0321.jpg,Paris,1887
Factories at Asnieres Seen from the Quai de Clichy,"Paris: Summer, 1887",http://www.vggallery.com/painting/f_0317.jpg,Paris,1887
Factories Seen from a Hillside in Moonlight,"Paris: first half, 1887",http://www.vggallery.com/painting/f_0266a.jpg,Paris,1887
"Factory at Asnieres, The","Paris: Summer, 1887",http://www.vggallery.com/painting/f_0318.jpg,Paris,1887
Farmers Planting Potatoes,"Nuenen: August-September, 1884",http://www.vggallery.com/painting/f_0041.jpg,Nuenen,1884
Farmhouse in a Wheat Field,"Arles: May, 1888",http://www.vggallery.com/painting/f_0408.jpg,Arles,1888
Farmhouse in Provence,"Arles: June, 1888",http://www.vggallery.com/painting/f_0565.jpg,Arles,1888
Farm with Stacks of Peat,"Nieuw-Amsterdam: mid November, 1883",http://www.vggallery.com/painting/f_0022.jpg,Nieuw-Amsterdam,1883
Farmhouse with Two Figures,"Auvers-sur-Oise: May-June, 1890",http://www.vggallery.com/painting/f_0806.jpg,Auvers-sur-Oise,1890
Farmhouses Among Trees,"The Hague: September, 1883",http://www.vggallery.com/painting/f_0018.jpg,The Hague,1883
Farmhouses in a Wheat Field Near Arles,"Arles: May, 1888",http://www.vggallery.com/painting/f_0576.jpg,Arles,1888
Farmhouses in Loosduinen near The Hague at Twilight,"The Hague: August, 1883",http://www.vggallery.com/painting/f_0016.jpg,The Hague,1883
Field of Spring Wheat at Sunrise,"Saint-Remy: May-June, 1889",http://www.vggallery.com/painting/f_0720.jpg,Saint-Remy,1889
"Field of Yellow Flowers, A","Arles: April, 1889",http://www.vggallery.com/painting/f_0584.jpg,Arles,1889
Field with Ploughman and Mill,"Saint-Remy: October, 1889",http://www.vggallery.com/painting/f_0706.jpg,Saint-Remy,1889
Field with Poppies,"Auvers-sur-Oise: June, 1890",http://www.vggallery.com/painting/f_0636.jpg,Auvers-sur-Oise,1890
Field with Poppies,"Saint-Remy: early June, 1889",http://www.vggallery.com/painting/f_0581.jpg,Saint-Remy,1889
Field with Two Rabbits,"Saint-Remy: December, 1889",http://www.vggallery.com/painting/f_0739.jpg,Saint-Remy,1889
Field with Wheat Stacks,"Auvers-sur-Oise: July, 1890",http://www.vggallery.com/painting/f_0809.jpg,Auvers-sur-Oise,1890
"Fields, The","Auvers-sur-Oise: July, 1890",http://www.vggallery.com/painting/f_0761.jpg,Auvers-sur-Oise,1890
First Steps (after Millet),"Saint-Remy: January, 1890",http://www.vggallery.com/painting/f_0668.jpg,Saint-Remy,1890
Fisherman on the Beach,"The Hague: August, 1882",http://www.vggallery.com/painting/f_0005.jpg,The Hague,1882
Fisherman's Wife on the Beach,"The Hague: August, 1882",http://www.vggallery.com/painting/f_0006.jpg,The Hague,1882
Fishing Boats on the Beach at Saintes-Maries,"Arles: late June, 1888",http://www.vggallery.com/painting/f_0413.jpg,Arles,1888
Fishing in Spring,"Paris: Spring, 1887",http://www.vggallery.com/painting/f_0354.jpg,Paris,1887
Flowering Garden,"Arles: July, 1888",http://www.vggallery.com/painting/f_0430.jpg,Arles,1888
Flowering Garden with Path,"Arles: July, 1888",http://www.vggallery.com/painting/f_0429.jpg,Arles,1888
Flowerpot with Chives,"Paris: March-April, 1887",http://www.vggallery.com/painting/f_0337.jpg,Paris,1887
Flowers in a Blue Vase,Paris: 1886-87,http://www.vggallery.com/painting/jh_add20.jpg,Paris,1887
Flying Fox,"Nuenen: late October-late November, 1885",http://www.vggallery.com/painting/f_0177a.jpg,Nuenen,1885
Footbridge across a Ditch,"The Hague: August, 1883",http://www.vggallery.com/painting/f_0189.jpg,The Hague,1883
Four Cut Sunflowers,"Paris: August-September, 1887",http://www.vggallery.com/painting/f_0452.jpg,Paris,1887
"Fourteenth of July Celebration in Paris, The","Paris: Summer, 1886",http://www.vggallery.com/painting/f_0222.jpg,Paris,1886
Fritillaries,"Paris: Spring, 1886",http://www.vggallery.com/painting/f_0214.jpg,Paris,1886
Fritillaries in a Copper Vase,"Paris: April-May, 1887",http://www.vggallery.com/painting/f_0213.jpg,Paris,1887
Garden Behind a House,"Arles: August, 1888",http://www.vggallery.com/painting/f_0578.jpg,Arles,1888
Garden in Auvers,"Auvers-sur-Oise: June-July, 1890",http://www.vggallery.com/painting/f_0814.jpg,Auvers-sur-Oise,1890
"Garden of Saint-Paul Hospital with Figure, The","Saint-Remy: November, 1889",http://www.vggallery.com/painting/f_0733.jpg,Saint-Remy,1889
"Garden of Saint-Paul Hospital, The","Saint-Remy: December, 1889",http://www.vggallery.com/painting/f_0659.jpg,Saint-Remy,1889
"Garden of Saint-Paul Hospital, The","Saint-Remy: May, 1889",http://www.vggallery.com/painting/f_0734.jpg,Saint-Remy,1889
"Garden of Saint-Paul Hospital, The","Saint-Remy: November, 1889",http://www.vggallery.com/painting/f_0660.jpg,Saint-Remy,1889
"Garden of Saint-Paul Hospital, The","Saint-Remy: October, 1889",http://www.vggallery.com/painting/f_0640.jpg,Saint-Remy,1889
"Garden of Saint-Paul Hospital, The","Saint-Remy: October, 1889",http://www.vggallery.com/painting/f_0730.jpg,Saint-Remy,1889
Garden with Sunflowers,"Paris: June, 1887",http://www.vggallery.com/painting/f_0388v.jpg,Paris,1887
Geranium in a Flowerpot,"Paris: Summer, 1886",http://www.vggallery.com/painting/f_0201.jpg,Paris,1886
Ginger Jar Filled with Chrysanthemums,"Paris: Summer, 1886",http://www.vggallery.com/painting/f_0198.jpg,Paris,1886
"Girl in the Street, Two Coaches in the Background, A","The Hague: August, 1882",http://www.vggallery.com/painting/f_0013.jpg,The Hague,1882
Girl in the Woods,"The Hague: August, 1882",http://www.vggallery.com/painting/f_0008a.jpg,The Hague,1882
Girl in White in the Woods,"The Hague: August, 1882",http://www.vggallery.com/painting/f_0008.jpg,The Hague,1882
"Girl with Ruffled Hair (""The Mudlark"")","Arles: June, 1888",http://www.vggallery.com/painting/f_0535.jpg,Arles,1888
Glass with Hellebores,"Paris: Spring, 1886",http://www.vggallery.com/painting/f_0199.jpg,Paris,1886
Glass with Roses,"Paris: Summer, 1886",http://www.vggallery.com/painting/f_0218.jpg,Paris,1886
"Gleize Bridge over the Vigueirat Canal, The","Arles: March, 1888",http://www.vggallery.com/painting/f_0396.jpg,Arles,1888
"Good Samaritan (after Delacroix), The","Saint-Remy: May, 1890",http://www.vggallery.com/painting/f_0633.jpg,Saint-Remy,1890
"Gordina de Groot, Head","Nuenen: March, 1885",http://www.vggallery.com/painting/f_1668.jpg,Nuenen,1885
"Gordina de Groot, Head","Nuenen: May, 1885",http://www.vggallery.com/painting/f_0141.jpg,Nuenen,1885
Grass and Butterflies,"Arles: April, 1889",http://www.vggallery.com/painting/f_0460.jpg,Arles,1889
Great Peacock Moth,"Saint-Remy: May, 1889",http://www.vggallery.com/painting/f_0610.jpg,Saint-Remy,1889
Green Ears of Wheat,"Arles: June, 1888",http://www.vggallery.com/painting/f_0562.jpg,Arles,1888
"Green Vineyard, The","Arles: September, 1888",http://www.vggallery.com/painting/f_0475.jpg,Arles,1888
Green Wheat Field,"Saint-Remy: June, 1889",http://www.vggallery.com/painting/f_0718.jpg,Saint-Remy,1889
Green Wheat Field with Cypress,"Saint-Remy: mid-June, 1889",http://www.vggallery.com/painting/f_0719.jpg,Saint-Remy,1889
Green Wheat Fields,"Saint-Remy: May, 1890",http://www.vggallery.com/painting/f_0807.jpg,Saint-Remy,1890
"Grove, The","Auvers-sur-Oise: July, 1890",http://www.vggallery.com/painting/f_0817.jpg,Auvers-sur-Oise,1890
Half Figure of an Angel (after Rembrandt),"Saint-Remy: September, 1889",http://www.vggallery.com/painting/f_0624.jpg,Saint-Remy,1889
"Harvest at La Crau, with Montmajour in the Background","Arles: June, 1888",http://www.vggallery.com/painting/f_0412.jpg,Arles,1888
Harvest in Provence,"Arles: June, 1888",http://www.vggallery.com/painting/f_0558.jpg,Arles,1888
Haystacks in Provence,"Arles: June, 1888",http://www.vggallery.com/painting/f_0425.jpg,Arles,1888
Haystacks under a Rainy Sky,"Saint-Remy: October, 1889",http://www.vggallery.com/painting/f_0563.jpg,Saint-Remy,1889
Head of a Brabant Peasant Woman with Dark Cap,"Nuenen: January, 1885",http://www.vggallery.com/painting/f_0153.jpg,Nuenen,1885
Head of a Man,"Nuenen: November-January, 1884-85",http://www.vggallery.com/painting/f_0164.jpg,Nuenen,1885
Head of a Man,"Nuenen: March-May, 1885",http://www.vggallery.com/painting/f_0179r.jpg,Nuenen,1885
Head of a Peasant,"Nuenen: February-March, 1885",http://www.vggallery.com/painting/f_0168.jpg,Nuenen,1885
Head of a Peasant with a Pipe,"Nuenen: January, 1885",http://www.vggallery.com/painting/f_0169.jpg,Nuenen,1885
Head of a Peasant with Cap,"Nuenen: December, 1884",http://www.vggallery.com/painting/f_0160a.jpg,Nuenen,1884
Head of a Peasant with Cap,"Nuenen: January, 1885",http://www.vggallery.com/painting/f_0169a.jpg,Nuenen,1885
Head of a Peasant Woman,"Nuenen: May, 1885",http://www.vggallery.com/painting/f_0086.jpg,Nuenen,1885
Head of a Peasant Woman,"Nuenen: December, 1884",http://www.vggallery.com/painting/f_0132.jpg,Nuenen,1884
Head of a Peasant Woman in a Green Shawl,"Nuenen: May, 1885",http://www.vggallery.com/painting/f_0155.jpg,Nuenen,1885
Head of a Peasant Woman with Brownish Cap,"Nuenen: January, 1885",http://www.vggallery.com/painting/f_0154.jpg,Nuenen,1885
Head of a Peasant Woman with Dark Cap,"Nuenen: December, 1884",http://www.vggallery.com/painting/f_0136a.jpg,Nuenen,1884
Head of a Peasant Woman with Dark Cap,"Nuenen: February, 1885",http://www.vggallery.com/painting/f_0138.jpg,Nuenen,1885
Head of a Peasant Woman with Dark Cap,"Nuenen: January, 1885",http://www.vggallery.com/painting/f_0135.jpg,Nuenen,1885
Head of a Peasant Woman with Dark Cap,"Nuenen: January, 1885",http://www.vggallery.com/painting/f_0153a.jpg,Nuenen,1885
Head of a Peasant Woman with Dark Cap,"Nuenen: January, 1885",http://www.vggallery.com/painting/f_0151.jpg,Nuenen,1885
Head of a Peasant Woman with Dark Cap,"Nuenen: January, 1885",http://www.vggallery.com/painting/f_0133.jpg,Nuenen,1885
Head of a Peasant Woman with Dark Cap,"Nuenen: January, 1885",http://www.vggallery.com/painting/f_1667.jpg,Nuenen,1885
Head of a Peasant Woman with Dark Cap,"Nuenen: January, 1885",http://www.vggallery.com/painting/f_0137.jpg,Nuenen,1885
Head of a Peasant Woman with Dark Cap,"Nuenen: March, 1885",http://www.vggallery.com/painting/f_0134.jpg,Nuenen,1885
Head of a Peasant Woman with Dark Cap,"Nuenen: March, 1885",http://www.vggallery.com/painting/f_0136.jpg,Nuenen,1885
Head of a Peasant Woman with Greenish Lace Cap,"Nuenen: February-March, 1885",http://www.vggallery.com/painting/f_0074.jpg,Nuenen,1885
Head of a Peasant Woman with White Cap,"Nuenen: December, 1884",http://www.vggallery.com/painting/f_0144.jpg,Nuenen,1884
Head of a Peasant Woman with White Cap,"Nuenen: December, 1884",http://www.vggallery.com/painting/f_0146a.jpg,Nuenen,1884
Head of a Peasant Woman with White Cap,"Nuenen: April, 1885",http://www.vggallery.com/painting/f_0140.jpg,Nuenen,1885
Head of a Peasant Woman with White Cap,"Nuenen: January, 1885",http://www.vggallery.com/painting/f_0065.jpg,Nuenen,1885
Head of a Peasant Woman with White Cap,"Nuenen: March, 1885",http://www.vggallery.com/painting/f_0081.jpg,Nuenen,1885
Head of a Peasant Woman with White Cap,"Nuenen: March, 1885",http://www.vggallery.com/painting/f_0085a.jpg,Nuenen,1885
Head of a Peasant Woman with White Cap,"Nuenen: March, 1885",http://www.vggallery.com/painting/f_0131.jpg,Nuenen,1885
Head of a Peasant Woman with White Cap,"Nuenen: March, 1885",http://www.vggallery.com/painting/f_0080.jpg,Nuenen,1885
Head of a Peasant Woman with White Cap,"Nuenen: March-April, 1885",http://www.vggallery.com/painting/f_0085.jpg,Nuenen,1885
Head of a Woman,"Nuenen: November-January, 1884-85",http://www.vggallery.com/painting/f_0156.jpg,Nuenen,1885
Head of a Woman,"Nuenen: March, 1885",http://www.vggallery.com/painting/f_0130.jpg,Nuenen,1885
Head of a Woman,"Nuenen: March, 1885",http://www.vggallery.com/painting/f_0160.jpg,Nuenen,1885
Head of a Woman,"Nuenen: March, 1885",http://www.vggallery.com/painting/f_0080a.jpg,Nuenen,1885
Head of a Woman,"Nuenen: March-May, 1885",http://www.vggallery.com/painting/f_0069.jpg,Nuenen,1885
Head of a Woman,"Nuenen: March-May, 1885",http://www.vggallery.com/painting/f_0269r.jpg,Nuenen,1885
Head of a Woman,"Nuenen: May, 1885",http://www.vggallery.com/painting/f_0388r.jpg,Nuenen,1885
Head of a Woman,"Nuenen: November-May, 1884-85",http://www.vggallery.com/painting/f_0159.jpg,Nuenen,1885
Head of a Woman,"Nuenen: March, 1885",http://www.vggallery.com/painting/f_0070a.jpg,Nuenen,1885
Head of a Woman with her Hair Loose,"Antwerp: December, 1885",http://www.vggallery.com/painting/f_0206.jpg,Antwerp,1885
Head of a Young Peasant in a Peaked Cap,"Nuenen: March, 1885",http://www.vggallery.com/painting/f_0163.jpg,Nuenen,1885
Head of a Young Peasant in a Peaked Cap,"Nuenen: March, 1885",http://www.vggallery.com/painting/f_0165.jpg,Nuenen,1885
Head of a Young Peasant Woman with Dark Cap,"Nuenen: February-March, 1885",http://www.vggallery.com/painting/f_0150.jpg,Nuenen,1885
Head of an Old Peasant Woman with White Cap,"Nuenen: December, 1884",http://www.vggallery.com/painting/f_0146.jpg,Nuenen,1884
Head of an Old Peasant Woman with White Cap,"Nuenen: December, 1884",http://www.vggallery.com/painting/f_0075.jpg,Nuenen,1884
Head of an Old Woman with White Cap (The Midwife),"Antwerp: December, 1885",http://www.vggallery.com/painting/f_0174.jpg,Antwerp,1885
"House of Pere Eloi, The","Auvers-sur-Oise: May, 1890",http://www.vggallery.com/painting/f_0794.jpg,Auvers-sur-Oise,1890
"House of Pere Pilon, The","Auvers-sur-Oise: May, 1890",http://www.vggallery.com/painting/f_0791.jpg,Auvers-sur-Oise,1890
House with Sunflowers,"Paris: Summer, 1887",http://www.vggallery.com/painting/f_0810.jpg,Paris,1887
Houses in Auvers,"Auvers-sur-Oise: May, 1890",http://www.vggallery.com/painting/f_0805.jpg,Auvers-sur-Oise,1890
Houses in Auvers,"Auvers-sur-Oise: June, 1890",http://www.vggallery.com/painting/f_0759.jpg,Auvers-sur-Oise,1890
Interior of a Restaurant,"Paris: June-July, 1887",http://www.vggallery.com/painting/f_0342.jpg,Paris,1887
Interior of a Restaurant in Arles,"Arles: August, 1888",http://www.vggallery.com/painting/f_0549a.jpg,Arles,1888
Interior of the Restaurant Venissac in Arles,"Arles: August, 1888",http://www.vggallery.com/painting/f_0549.jpg,Arles,1888
"Iris, The","Saint-Remy: May, 1889",http://www.vggallery.com/painting/f_0601.jpg,Saint-Remy,1889
Irises,"Saint-Remy: May, 1889",http://www.vggallery.com/painting/f_0608.jpg,Saint-Remy,1889
Italian Woman (Agostina Segatori?),"Paris: December, 1887",http://www.vggallery.com/painting/f_0381.jpg,Paris,1887
Japonaiserie: Bridge in the Rain (after Hiroshige),"Paris: September-October, 1887",http://www.vggallery.com/painting/f_0372.jpg,Paris,1887
Japonaiserie: Flowering Plum Tree (after Hiroshige),"Paris: September-October, 1887",http://www.vggallery.com/painting/f_0371.jpg,Paris,1887
Japonaiserie: Oiran (after Kesaï Eisen),"Paris: September-October, 1887",http://www.vggallery.com/painting/f_0373.jpg,Paris,1887
"Kingfisher, The","Paris: second half, 1886",http://www.vggallery.com/painting/f_0028.jpg,Paris,1886
La Berceuse (Augustine Roulin),"Arles: January, 1889",http://www.vggallery.com/painting/f_0506.jpg,Arles,1889
La Berceuse (Augustine Roulin),"Arles: December, 1888",http://www.vggallery.com/painting/f_0504.jpg,Arles,1888
La Berceuse (Augustine Roulin),"Arles: February, 1889",http://www.vggallery.com/painting/f_0508.jpg,Arles,1889
La Berceuse (Augustine Roulin),"Arles: January, 1889",http://www.vggallery.com/painting/f_0505.jpg,Arles,1889
La Berceuse (Augustine Roulin),"Arles: March, 1889",http://www.vggallery.com/painting/f_0507.jpg,Arles,1889
La Crau with Peach Trees in Blossom,"Arles: April, 1889",http://www.vggallery.com/painting/f_0514.jpg,Arles,1889
"La Mousmé, Sitting","Arles: July, 1888",http://www.vggallery.com/painting/f_0431.jpg,Arles,1888
Landscape at Auvers in the Rain,"Auvers-sur-Oise: July, 1890",http://www.vggallery.com/painting/f_0811.jpg,Auvers-sur-Oise,1890
Landscape at Dusk,"Nuenen: April, 1885",http://www.vggallery.com/painting/f_0191.jpg,Nuenen,1885
Landscape at Sunset,"Nuenen: April, 1885",http://www.vggallery.com/painting/f_0079.jpg,Nuenen,1885
Landscape in the Neighbourhood of Saint-Remy,"Saint-Remy: December, 1889",http://www.vggallery.com/painting/f_0726.jpg,Saint-Remy,1889
Landscape Under a Stormy Sky,"Arles: May, 1888",http://www.vggallery.com/painting/f_0575.jpg,Arles,1888
Landscape with a Church at Twilight,"Drente: October, 1883",http://www.vggallery.com/painting/f_0188.jpg,Drente,1883
Landscape with Carriage and Train in the Background,"Auvers-sur-Oise: June, 1890",http://www.vggallery.com/painting/f_0760.jpg,Auvers-sur-Oise,1890
Landscape with Couple Walking and Crescent Moon,"Saint-Remy: May, 1890",http://www.vggallery.com/painting/f_0704.jpg,Saint-Remy,1890
Landscape with Dunes,"The Hague: August, 1883",http://www.vggallery.com/painting/f_0015a.jpg,The Hague,1883
Landscape with Olive Tree and Mountains in the Background,"Saint-Remy: December, 1889",http://www.vggallery.com/painting/f_0663.jpg,Saint-Remy,1889
Landscape with Pollard Willows,"Nuenen: April, 1884",http://www.vggallery.com/painting/f_0031.jpg,Nuenen,1884
Landscape with Snow,"Arles: February, 1888",http://www.vggallery.com/painting/f_0290.jpg,Arles,1888
Landscape with the Chateau of Auvers at Sunset,"Auvers-sur-Oise: June, 1890",http://www.vggallery.com/painting/f_0770.jpg,Auvers-sur-Oise,1890
Landscape with Trees and Figures,"Saint-Remy: November, 1889",http://www.vggallery.com/painting/f_0818.jpg,Saint-Remy,1889
Landscape with Windblown Trees,"Nuenen: November, 1885",http://www.vggallery.com/painting/f_0196.jpg,Nuenen,1885
Lane at the Jardin du Luxembourg,"Paris: June-July, 1886",http://www.vggallery.com/painting/f_0223.jpg,Paris,1886
Lane in Autumn,"Nuenen: October, 1884",http://www.vggallery.com/painting/f_0120.jpg,Nuenen,1884
"Lane in the Public Garden at Arles, A","Arles: September, 1888",http://www.vggallery.com/painting/f_0470.jpg,Arles,1888
Lane in Voyer d'Argenson Park at Asnieres,"Paris: June-July, 1887",http://www.vggallery.com/painting/f_0275.jpg,Paris,1887
Lane in Voyer d'Argenson Park at Asnieres,"Paris: Spring, 1887",http://www.vggallery.com/painting/f_0276.jpg,Paris,1887
"Lane near Arles, A","Arles: May, 1888",http://www.vggallery.com/painting/f_0567.jpg,Arles,1888
Lane with Poplars,"Nuenen: November, 1885",http://www.vggallery.com/painting/f_0045.jpg,Nuenen,1885
"Langlois Bridge at Arles with Road Alongside the Canal, The","Arles: March, 1888",http://www.vggallery.com/painting/f_0400.jpg,Arles,1888
"Langlois Bridge at Arles with Women Washing, The","Arles: March, 1888",http://www.vggallery.com/painting/f_0397.jpg,Arles,1888
"Langlois Bridge at Arles, The","Arles: April, 1888",http://www.vggallery.com/painting/f_0571.jpg,Arles,1888
"Langlois Bridge at Arles, The","Arles: May, 1888",http://www.vggallery.com/painting/f_0570.jpg,Arles,1888
L'Arlesienne (Madame Ginoux),"Saint-Remy: February, 1890",http://www.vggallery.com/painting/f_0541.jpg,Saint-Remy,1890
L'Arlesienne (Madame Ginoux),"Saint-Remy: February, 1890",http://www.vggallery.com/painting/f_0540.jpg,Saint-Remy,1890
L'Arlesienne (Madame Ginoux),"Saint-Remy: February, 1890",http://www.vggallery.com/painting/f_0542.jpg,Saint-Remy,1890
L'Arlesienne (Madame Ginoux),"Saint-Remy: February, 1890",http://www.vggallery.com/painting/f_0543.jpg,Saint-Remy,1890
L'Arlesienne: Madame Ginoux with Books,"Arles: November, 1888 (or May, 1889?)",http://www.vggallery.com/painting/f_0488.jpg,Arles,1889
L'Arlesienne: Madame Ginoux with Gloves and Umbrella,"Arles: early November, 1888",http://www.vggallery.com/painting/f_0489.jpg,Arles,1888
Le Blute-Fin Mill,Paris: 1886,http://www.vggallery.com/painting/b_0002.jpg,Paris,1886
Le Mont Gaussier with the Mas de Saint-Paul,"Saint-Remy: June, 1889",http://www.vggallery.com/painting/f_0725.jpg,Saint-Remy,1889
Le Moulin de Blute-Fin,"Paris: Summer, 1886",http://www.vggallery.com/painting/f_0273.jpg,Paris,1886
Le Moulin de la Galette,"Paris: Autumn, 1886",http://www.vggallery.com/painting/f_0226.jpg,Paris,1886
Le Moulin de la Galette,"Paris: Autumn, 1886",http://www.vggallery.com/painting/f_0228.jpg,Paris,1886
Le Moulin de la Galette,"Paris: Autumn, 1886",http://www.vggallery.com/painting/f_0348.jpg,Paris,1886
Le Moulin de la Galette,"Paris: Autumn, 1886",http://www.vggallery.com/painting/f_0349.jpg,Paris,1886
Le Moulin de la Galette,"Paris: Autumn, 1886",http://www.vggallery.com/painting/f_0227.jpg,Paris,1886
Le Moulin de la Galette,"Paris: Summer, 1886",http://www.vggallery.com/painting/f_0274.jpg,Paris,1886
Le Moulin de la Galette,"Paris: March, 1887",http://www.vggallery.com/painting/f_0348a.jpg,Paris,1887
Les Alyscamps,"Arles: late October, 1888",http://www.vggallery.com/painting/f_0568.jpg,Arles,1888
Les Alyscamps,"Arles: November, 1888",http://www.vggallery.com/painting/f_0487.jpg,Arles,1888
Les Alyscamps,"Arles: November, 1888",http://www.vggallery.com/painting/f_0569.jpg,Arles,1888
Les Alyscamps: Falling Autumn Leaves,"Arles: November, 1888",http://www.vggallery.com/painting/f_0486.jpg,Arles,1888
Les Peiroulets Ravine,"Saint-Remy: December, 1889",http://www.vggallery.com/painting/f_0661.jpg,Saint-Remy,1889
Les Peiroulets Ravine,"Saint-Remy: October, 1889",http://www.vggallery.com/painting/f_0645.jpg,Saint-Remy,1889
Les Peiroulets Ravine,"Saint-Remy: October, 1889",http://www.vggallery.com/painting/f_0662.jpg,Saint-Remy,1889
Lilacs,"Paris: Summer, 1887",http://www.vggallery.com/painting/f_0286b.jpg,Paris,1887
Lilacs,"Saint-Remy: May, 1889",http://www.vggallery.com/painting/f_0579.jpg,Saint-Remy,1889
"Little Stream, The","Auvers-sur-Oise: June, 1890",http://www.vggallery.com/painting/f_0740.jpg,Auvers-sur-Oise,1890
"Lovers: The Poet's Garden IV, The","Arles: October, 1888",http://www.vggallery.com/painting/f_0485.jpg,Arles,1888
Lying Cow,"The Hague: August, 1883",http://www.vggallery.com/painting/f_0001b.jpg,The Hague,1883
Lying Cow,"The Hague: August, 1883",http://www.vggallery.com/painting/f_0001c.jpg,The Hague,1883
"Man is at Sea (after Demont-Breton), The","Saint-Remy: October, 1889",http://www.vggallery.com/painting/f_0644.jpg,Saint-Remy,1889
Man Stooping with Stick or Spade,"The Hague: August, 1882?",http://www.vggallery.com/painting/f_0012.jpg,The Hague,1882
Marguerite Gachet at the Piano,"Auvers-sur-Oise: June, 1890",http://www.vggallery.com/painting/f_0772.jpg,Auvers-sur-Oise,1890
Marguerite Gachet in the Garden,"Auvers-sur-Oise: June, 1890",http://www.vggallery.com/painting/f_0756.jpg,Auvers-sur-Oise,1890
Marshy Landscape,"The Hague: August, 1883",http://www.vggallery.com/painting/jh_0394.jpg,The Hague,1883
Meadow in the Garden of Saint-Paul Hospital,"Saint-Remy: May, 1890",http://www.vggallery.com/painting/f_0672.jpg,Saint-Remy,1890
"Meadow in the Mountains: Le Mas de Saint-Paul, A","Saint-Remy: December, 1889",http://www.vggallery.com/painting/f_0721.jpg,Saint-Remy,1889
Memory of the Garden at Etten,"Arles: November, 1888",http://www.vggallery.com/painting/f_0496.jpg,Arles,1888
Montmartre,"Paris: Autumn, 1886",http://www.vggallery.com/painting/f_0272.jpg,Paris,1886
Montmartre Path with Sunflowers,"Paris: June, 1887",http://www.vggallery.com/painting/f_0264a.jpg,Paris,1887
"Montmartre: Quarry, the Mills","Paris: Autumn, 1886",http://www.vggallery.com/painting/f_0229.jpg,Paris,1886
"Hill of Montmartre with Quarry, The","Paris: Autumn, 1886",http://www.vggallery.com/painting/f_0230.jpg,Paris,1886
Morning: Peasant Couple Going to Work (after Millet),"Saint-Remy: January, 1890",http://www.vggallery.com/painting/f_0684.jpg,Saint-Remy,1890
Mother Roulin with Her Baby,"Arles: November-December, 1888",http://www.vggallery.com/painting/f_0490.jpg,Arles,1888
Mother Roulin with Her Baby,"Arles: November-December, 1888",http://www.vggallery.com/painting/f_0491.jpg,Arles,1888
Mountainous Landscape Behind Saint-Paul Hospital,"Saint-Remy: early June, 1889",http://www.vggallery.com/painting/f_0611.jpg,Saint-Remy,1889
Mountains at Saint-Remy with Dark Cottage,"Saint-Remy: July, 1889",http://www.vggallery.com/painting/f_0622.jpg,Saint-Remy,1889
"Mulberry Tree, The","Saint-Remy: October, 1889",http://www.vggallery.com/painting/f_0637.jpg,Saint-Remy,1889
"Night Cafe in the Place Lamartine in Arles, The","Arles: September, 1888",http://www.vggallery.com/painting/f_0463.jpg,Arles,1888
Noon: Rest from Work (after Millet),"Saint-Remy: January, 1890",http://www.vggallery.com/painting/f_0686.jpg,Saint-Remy,1890
"Novel Reader, The",Arles: c. 16 November 1888,http://www.vggallery.com/painting/f_0497.jpg,Arles,1888
"Nude Study of a Little Girl, Seated","Paris: Spring, 1886",http://www.vggallery.com/painting/f_0215.jpg,Paris,1886
Nude Woman on a Bed,Paris: early 1887,http://www.vggallery.com/painting/f_0330.jpg,Paris,1887
Nude Woman Reclining,Paris: early 1887,http://www.vggallery.com/painting/f_0329.jpg,Paris,1887
"Nude Woman Reclining, Seen from the Back",Paris: early 1887,http://www.vggallery.com/painting/f_0328.jpg,Paris,1887
"Old Cemetery Tower at Nuenen in the Snow, The","Nuenen: January, 1885",http://www.vggallery.com/painting/f_0087.jpg,Nuenen,1885
"Old Church Tower at Nuenen, The","Nuenen: May, 1884",http://www.vggallery.com/painting/f_0088.jpg,Nuenen,1884
Old Church Tower at Nuenen ('The Peasants' Churchyard'),Nuenen: late May-early June 1885,http://www.vggallery.com/painting/f_0084.jpg,Nuenen,1885
Old Man in Sorrow (On the Threshold of Eternity),"Saint-Remy: April-May, 1890",http://www.vggallery.com/painting/f_0702.jpg,Saint-Remy,1890
"Old Mill, The","Arles: September, 1888",http://www.vggallery.com/painting/f_0550.jpg,Arles,1888
"Old Station at Eindhoven, The","Nuenen: January, 1885",http://www.vggallery.com/painting/f_0067a.jpg,Nuenen,1885
"Old Tower at Nuenen with a Ploughman, The","Nuenen: February, 1884",http://www.vggallery.com/painting/f_0034.jpg,Nuenen,1884
"Old Tower in the Fields, The","Nuenen: July, 1884",http://www.vggallery.com/painting/f_0040.jpg,Nuenen,1884
"Old Tower of Nuenen with People Walking, The","Nuenen: May, 1884",http://www.vggallery.com/painting/f_0184.jpg,Nuenen,1884
"Old Woman of Arles, An","Arles: February, 1888",http://www.vggallery.com/painting/f_0390.jpg,Arles,1888
Olive Grove,"Saint-Remy: June, 1889",http://www.vggallery.com/painting/f_0715.jpg,Saint-Remy,1889
Olive Grove,"Saint-Remy: mid-June, 1889",http://www.vggallery.com/painting/f_0585.jpg,Saint-Remy,1889
Olive Grove,"Saint-Remy: November-December, 1889",http://www.vggallery.com/painting/f_0707.jpg,Saint-Remy,1889
Olive Grove with Picking Figures,"Saint-Remy: December, 1889",http://www.vggallery.com/painting/f_0587.jpg,Saint-Remy,1889
Olive Grove: Bright Blue Sky,"Saint-Remy: June, 1889",http://www.vggallery.com/painting/f_0709.jpg,Saint-Remy,1889
Olive Grove: Orange Sky,"Saint-Remy: November, 1889",http://www.vggallery.com/painting/f_0586.jpg,Saint-Remy,1889
Olive Grove: Pale Blue Sky,"Saint-Remy: November, 1889",http://www.vggallery.com/painting/f_0708.jpg,Saint-Remy,1889
Olive Picking,"Saint-Remy: December, 1889",http://www.vggallery.com/painting/f_0654.jpg,Saint-Remy,1889
Olive Picking,"Saint-Remy: December, 1889",http://www.vggallery.com/painting/f_0655.jpg,Saint-Remy,1889
Olive Picking,"Saint-Remy: December, 1889",http://www.vggallery.com/painting/f_0656.jpg,Saint-Remy,1889
Olive Trees,"Saint-Remy: September, 1889",http://www.vggallery.com/painting/f_0711.jpg,Saint-Remy,1889
Olive Trees against a Slope of a Hill,"Saint-Remy: November-December, 1889",http://www.vggallery.com/painting/f_0716.jpg,Saint-Remy,1889
Olive Trees with the Alpilles in the Background,"Saint-Remy: June, 1889",http://www.vggallery.com/painting/f_0712.jpg,Saint-Remy,1889
Olive Trees with Yellow Sky and Sun,"Saint-Remy: November, 1889",http://www.vggallery.com/painting/f_0710.jpg,Saint-Remy,1889
Olive Trees: Bright Blue Sky,"Saint-Remy: November, 1889",http://www.vggallery.com/painting/f_0714.jpg,Saint-Remy,1889
On the Outskirts of Paris,"Paris: Spring, 1887",http://www.vggallery.com/painting/f_0351.jpg,Paris,1887
Orchard in Blossom,"Arles: April, 1888",http://www.vggallery.com/painting/f_0511.jpg,Arles,1888
Orchard in Blossom,"Arles: April, 1888",http://www.vggallery.com/painting/f_0406.jpg,Arles,1888
Orchard in Blossom,"Arles: March-April, 1888",http://www.vggallery.com/painting/f_0552.jpg,Arles,1888
Orchard in Blossom with View of Arles,"Arles: April, 1889",http://www.vggallery.com/painting/f_0516.jpg,Arles,1889
Orchard in Blossom (Plum Trees),"Arles: April, 1888",http://www.vggallery.com/painting/f_0553.jpg,Arles,1888
"Orchard in Blossom, Bordered by Cypresses","Arles: April, 1888",http://www.vggallery.com/painting/f_0554.jpg,Arles,1888
"Orchard in Blossom, Bordered by Cypresses","Arles: April, 1888",http://www.vggallery.com/painting/f_0513.jpg,Arles,1888
Orchard with Blossoming Apricot Trees,"Arles: March, 1888",http://www.vggallery.com/painting/f_0555.jpg,Arles,1888
Orchard with Peach Trees in Blossom,"Arles: April, 1888",http://www.vggallery.com/painting/f_0551.jpg,Arles,1888
Outskirts of Paris,"Paris: Autumn, 1886",http://www.vggallery.com/painting/f_0264.jpg,Paris,1886
Outskirts of Paris: Road with Peasant Shouldering a Spade,"Paris: June-July, 1887",http://www.vggallery.com/painting/f_0361.jpg,Paris,1887
"Painter on His Way to Work, The","Arles: July, 1888",http://www.vggallery.com/painting/f_0448.jpg,Arles,1888
"Pair of Leather Clogs, A","Arles: March, 1888",http://www.vggallery.com/painting/f_0607.jpg,Arles,1888
"Pair of Shoes, A","Arles: August, 1888",http://www.vggallery.com/painting/f_0461.jpg,Arles,1888
"Pair of Shoes, A",Paris: first half 1886,http://www.vggallery.com/painting/f_0331.jpg,Paris,1886
"Pair of Shoes, A",Paris: second half 1886,http://www.vggallery.com/painting/f_0255.jpg,Paris,1886
"Pair of Shoes, A",Paris: early 1887,http://www.vggallery.com/painting/f_0333.jpg,Paris,1887
"Pair of Shoes, A","Paris: Spring, 1887",http://www.vggallery.com/painting/f_0332a.jpg,Paris,1887
"Park at Arles with the Entrance Seen through the Trees, The","Arles: October, 1888",http://www.vggallery.com/painting/f_0471.jpg,Arles,1888
Park at Asnieres in Spring (on loan from a private collection),"Paris: Spring, 1887",http://www.vggallery.com/painting/f_0362.jpg,Paris,1887
"Parsonage at Nuenen by Moonlight, The","Nuenen: November, 1885",http://www.vggallery.com/painting/f_0183.jpg,Nuenen,1885
"Parsonage Garden at Nuenen in the Snow, The","Nuenen: January, 1885",http://www.vggallery.com/painting/f_0067.jpg,Nuenen,1885
"Parsonage Garden at Nuenen in the Snow, The","Nuenen: January, 1885",http://www.vggallery.com/painting/f_0194.jpg,Nuenen,1885
"Parsonage Garden at Nuenen with Pond and Figures, The","Nuenen: November, 1885",http://www.vggallery.com/painting/f_0124.jpg,Nuenen,1885
"Parsonage Garden at Nuenen, The","Nuenen: May, 1884",http://www.vggallery.com/painting/f_0185.jpg,Nuenen,1884
Pasture in Bloom,"Paris: Spring, 1887",http://www.vggallery.com/painting/f_0583.jpg,Paris,1887
Path in the Woods,"Paris: June, 1887",http://www.vggallery.com/painting/f_0309.jpg,Paris,1887
Path Through a Field with Willows,"Arles: April, 1888",http://www.vggallery.com/painting/f_0407.jpg,Arles,1888
Paul Gauguin's Armchair,"Arles: December, 1888",http://www.vggallery.com/painting/f_0499.jpg,Arles,1888
Peach Tree in Blossom,"Arles: April-May, 1888",http://www.vggallery.com/painting/f_0404.jpg,Arles,1888
Peasant and Peasant Woman Planting Potatoes,"Nuenen: April, 1885",http://www.vggallery.com/painting/f_0129a.jpg,Nuenen,1885
Peasant Burning Weeds,"Drente: October, 1883",http://www.vggallery.com/painting/f_0020.jpg,Drente,1883
Peasant Digging,"Nuenen: July-August, 1885",http://www.vggallery.com/painting/f_0166.jpg,Nuenen,1885
Peasant Making a Basket,"Nuenen: February, 1885",http://www.vggallery.com/painting/f_0171.jpg,Nuenen,1885
Peasant Making a Basket,"Nuenen: February, 1885",http://www.vggallery.com/painting/f_0171a.jpg,Nuenen,1885
Peasant Sitting at a Table,"Nuenen: March-April, 1885",http://www.vggallery.com/painting/f_0167.jpg,Nuenen,1885
Peasant Woman Binding Sheaves (after Millet),"Saint-Remy: September, 1889",http://www.vggallery.com/painting/f_0700.jpg,Saint-Remy,1889
Peasant Woman by the Fireplace,"Nuenen: June, 1885",http://www.vggallery.com/painting/f_0176.jpg,Nuenen,1885
Peasant Woman by the Fireplace,"Nuenen: June, 1885",http://www.vggallery.com/painting/f_0158.jpg,Nuenen,1885
Peasant Woman Cutting Straw (after Millet),"Saint-Remy: September, 1889",http://www.vggallery.com/painting/f_0697.jpg,Saint-Remy,1889
Peasant Woman Darning Stockings,"Nuenen: March, 1885",http://www.vggallery.com/painting/f_0157.jpg,Nuenen,1885
Peasant Woman Digging,"Nuenen: August, 1885",http://www.vggallery.com/painting/f_0095a.jpg,Nuenen,1885
Peasant Woman Digging,"Nuenen: July, 1885",http://www.vggallery.com/painting/f_0095.jpg,Nuenen,1885
Peasant Woman Digging,"Nuenen: July-August, 1885",http://www.vggallery.com/painting/f_0094.jpg,Nuenen,1885
Peasant Woman Digging in Front of Her Cottage,"Nuenen: June, 1885",http://www.vggallery.com/painting/f_0142.jpg,Nuenen,1885
Peasant Woman Digging Up Potatoes,"Nuenen: August, 1885",http://www.vggallery.com/painting/f_0098.jpg,Nuenen,1885
Peasant Woman Laundering,"Nuenen: August, 1885",http://www.vggallery.com/painting/f_0148.jpg,Nuenen,1885
Peasant Woman Peeling Potatoes,"Nuenen: February, 1885",http://www.vggallery.com/painting/f_0145.jpg,Nuenen,1885
Peasant Woman Peeling Potatoes,"Nuenen: February, 1885",http://www.vggallery.com/painting/f_0365r.jpg,Nuenen,1885
Peasant Woman Raking,"Nuenen: August, 1885",http://www.vggallery.com/painting/f_0139.jpg,Nuenen,1885
"Peasant Woman Seated before an Open Door, Peeling Potatoes","Nuenen: March, 1885",http://www.vggallery.com/painting/f_0073.jpg,Nuenen,1885
"Peasant Woman, Seated (Half-Figure)","Nuenen: February, 1885",http://www.vggallery.com/painting/f_0127.jpg,Nuenen,1885
"Peasant Woman, Seated with White Cap","Nuenen: March, 1885",http://www.vggallery.com/painting/f_0144a.jpg,Nuenen,1885
"Peasant Woman, Seated with White Cap","Nuenen: December, 1884",http://www.vggallery.com/painting/f_0143.jpg,Nuenen,1884
"Peasant Woman, Seen against the Window","Nuenen: March, 1885",http://www.vggallery.com/painting/f_0070.jpg,Nuenen,1885
Peasant Woman Sewing,"Nuenen: February, 1885",http://www.vggallery.com/painting/f_0126a.jpg,Nuenen,1885
Peasant Woman Sitting on a Chair,"Nuenen: June, 1885",http://www.vggallery.com/painting/f_0126.jpg,Nuenen,1885
Peasant Woman Standing Indoors,"Nuenen: March, 1885",http://www.vggallery.com/painting/f_0128.jpg,Nuenen,1885
Peasant Woman Sweeping the Floor,"Nuenen: February-March, 1885",http://www.vggallery.com/painting/f_0152.jpg,Nuenen,1885
Peasant Woman Taking her Meal,"Nuenen: February-March, 1885",http://www.vggallery.com/painting/f_0072.jpg,Nuenen,1885
Peasant Woman with a Rake (after Millet),"Saint-Remy: September, 1889",http://www.vggallery.com/painting/f_0698.jpg,Saint-Remy,1889
Peasant Woman with Child on Her Lap,"Nuenen: March, 1885",http://www.vggallery.com/painting/f_0149.jpg,Nuenen,1885
Peasants Lifting Potatoes,"Saint-Remy: March-April, 1890",http://www.vggallery.com/painting/f_0694.jpg,Saint-Remy,1890
Peat Boat with Two Figures,"Drente: October, 1883",http://www.vggallery.com/painting/f_0021.jpg,Drente,1883
"Pietà (after Delacroix), The","Saint-Remy: September, 1889",http://www.vggallery.com/painting/f_0630.jpg,Saint-Remy,1889
"Pietà (after Delacroix), The","Saint-Remy: September, 1889",http://www.vggallery.com/painting/f_0757.jpg,Saint-Remy,1889
Pine Trees against a Red Sky with Setting Sun,"Saint-Remy: November, 1889",http://www.vggallery.com/painting/f_0652.jpg,Saint-Remy,1889
Pine Trees and Dandelions in the Garden of Saint-Paul Hospital,"Saint-Remy: April-May, 1890",http://www.vggallery.com/painting/f_0676.jpg,Saint-Remy,1890
Pine Trees with Figure in the Garden of Saint-Paul Hospital,"Saint-Remy: November, 1889",http://www.vggallery.com/painting/f_0653.jpg,Saint-Remy,1889
Pink Peach Tree in Blossom (Reminiscence of Mauve),"Arles: March, 1888",http://www.vggallery.com/painting/f_0394.jpg,Arles,1888
Plain Near Auvers,"Auvers-sur-Oise: July, 1890",http://www.vggallery.com/painting/f_0782.jpg,Auvers-sur-Oise,1890
Plaster Statuette of a Female Torso,"Paris: Spring, 1886",http://www.vggallery.com/painting/f_0216a.jpg,Paris,1886
Plaster Statuette of a Female Torso,"Paris: Spring, 1886",http://www.vggallery.com/painting/f_0216b.jpg,Paris,1886
Plaster Statuette of a Female Torso,"Paris: Spring, 1886",http://www.vggallery.com/painting/f_0216d.jpg,Paris,1886
Plaster Statuette of a Female Torso,"Paris: Spring, 1886",http://www.vggallery.com/painting/f_0216g.jpg,Paris,1886
Plaster Statuette of a Female Torso,"Paris: Spring, 1886",http://www.vggallery.com/painting/f_0216h.jpg,Paris,1886
Plaster Statuette of a Female Torso,"Paris: Spring, 1886",http://www.vggallery.com/painting/f_0216i.jpg,Paris,1886
Plaster Statuette of a Female Torso,"Paris: Spring, 1886",http://www.vggallery.com/painting/f_0216j.jpg,Paris,1886
Plaster Statuette of a Female Torso,"Paris: Winter, 1887/88",http://www.vggallery.com/painting/f_0216.jpg,Paris,1888
Plaster Statuette of a Horse,"Paris: Spring, 1886",http://www.vggallery.com/painting/f_0216c.jpg,Paris,1886
Plaster Statuette of a Kneeling Man,"Paris: Spring, 1886",http://www.vggallery.com/painting/f_0216f.jpg,Paris,1886
Plaster Statuette of a Male Torso,"Paris: Spring, 1886",http://www.vggallery.com/painting/f_0216e.jpg,Paris,1886
"Plough and the Harrow (after Millet), The","Saint-Remy: January, 1890",http://www.vggallery.com/painting/f_0632.jpg,Saint-Remy,1890
Ploughed Field,"Arles: September, 1888",http://www.vggallery.com/painting/f_0574.jpg,Arles,1888
"Poet's Garden, The","Arles: September, 1888",http://www.vggallery.com/painting/f_0468.jpg,Arles,1888
Pollard Willows,"Arles: April, 1889",http://www.vggallery.com/painting/f_0520.jpg,Arles,1889
"Pont du Carrousel and the Louvre, The","Paris: June, 1886",http://www.vggallery.com/painting/f_0221.jpg,Paris,1886
Poppies and Butterflies,"Saint-Remy: April-May, 1890",http://www.vggallery.com/painting/f_0748.jpg,Saint-Remy,1890
"Pork-Butcher's Shop Seen from a Window, A","Arles: February, 1888",http://www.vggallery.com/painting/f_0389.jpg,Arles,1888
Potato Digging (Five Figures),"The Hague: August, 1883",http://www.vggallery.com/painting/f_0009.jpg,The Hague,1883
"Potato Eaters, The","Nuenen: April, 1885",http://www.vggallery.com/painting/f_0082.jpg,Nuenen,1885
"Potato Eaters, The","Nuenen: April, 1885",http://www.vggallery.com/painting/f_0078.jpg,Nuenen,1885
Potato Planting,"Nuenen: September, 1884",http://www.vggallery.com/painting/f_0172.jpg,Nuenen,1884
Prisoners Exercising (after Doré),"Saint-Remy: 10-11 February, 1890",http://www.vggallery.com/painting/f_0669.jpg,Saint-Remy,1890
Public Garden with Couple and Blue Fir Tree: The Poet's Garden III,"Arles: October, 1888",http://www.vggallery.com/painting/f_0479.jpg,Arles,1888
"Public Park at Arles, The","Arles: October, 1888",http://www.vggallery.com/painting/f_0472.jpg,Arles,1888
Quay with Men Unloading Sand Barges,"Arles: August, 1888",http://www.vggallery.com/painting/f_0449.jpg,Arles,1888
"Railway Bridge over Avenue Montmajour, Arles, The","Arles: October, 1888",http://www.vggallery.com/painting/f_0480.jpg,Arles,1888
Railway Carriages,"Arles: August, 1888",http://www.vggallery.com/painting/f_0446.jpg,Arles,1888
"Raising of Lazarus (after Rembrandt), The","Saint-Remy: May, 1890",http://www.vggallery.com/painting/f_0677.jpg,Saint-Remy,1890
Reaper with Sickle (after Millet),"Saint-Remy: September, 1889",http://www.vggallery.com/painting/f_0687.jpg,Saint-Remy,1889
"Reaper (after Millet), The","Saint-Remy: September, 1889",http://www.vggallery.com/painting/f_0688.jpg,Saint-Remy,1889
Red Chestnuts in the Public Park at Arles,"Arles: April, 1889",http://www.vggallery.com/painting/f_0517.jpg,Arles,1889
"Red Vineyard, The","Arles: November, 1888",http://www.vggallery.com/painting/f_0495.jpg,Arles,1888
Restaurant de la Sirène at Asnières,"Paris: Summer, 1887",http://www.vggallery.com/painting/f_0313.jpg,Paris,1887
"Restaurant de la Sirène at Asnières, The","Paris: Spring, 1887",http://www.vggallery.com/painting/f_0312.jpg,Paris,1887
"Rispal Restaurant at Asnières, The","Paris: Summer, 1887",http://www.vggallery.com/painting/f_0355.jpg,Paris,1887
"Road at Saint-Remy with Female Figure, A","Saint-Remy: December, 1889",http://www.vggallery.com/painting/f_0728.jpg,Saint-Remy,1889
"Road Menders, The","Saint-Remy: November, 1889",http://www.vggallery.com/painting/f_0657.jpg,Saint-Remy,1889
"Road Menders, The","Saint-Remy: November, 1889",http://www.vggallery.com/painting/f_0658.jpg,Saint-Remy,1889
Road with Cypress and Star,"Saint-Remy: 12-15 May, 1890",http://www.vggallery.com/painting/f_0683.jpg,Saint-Remy,1890
Roadway with Underpass (The Viaduct),"Paris: Spring, 1887",http://www.vggallery.com/painting/f_0239.jpg,Paris,1887
Rocks with Oak Tree,"Arles: early July, 1888",http://www.vggallery.com/painting/f_0466.jpg,Arles,1888
Rosebush in Blossom,"Arles: April, 1889",http://www.vggallery.com/painting/f_0580.jpg,Arles,1889
Roses and Beetle,"Saint-Remy: April-May, 1890",http://www.vggallery.com/painting/f_0749.jpg,Saint-Remy,1890
"Schoolboy (Camille Roulin), The","Arles, early December, 1888",http://www.vggallery.com/painting/f_0665.jpg,Arles,1888
Seascape at Saintes-Maries,"Arles: early June, 1888",http://www.vggallery.com/painting/f_0415.jpg,Arles,1888
Seascape at Saintes-Maries,"Arles: June, 1888",http://www.vggallery.com/painting/f_0417.jpg,Arles,1888
"Seated Zouave, The","Arles: June, 1888",http://www.vggallery.com/painting/f_0424.jpg,Arles,1888
"Seine Bridge at Asnieres, The","Paris: Summer, 1887",http://www.vggallery.com/painting/f_0240.jpg,Paris,1887
"Seine with a Rowing Boat, The","Paris: Spring, 1887",http://www.vggallery.com/painting/f_0298.jpg,Paris,1887
"Seine with the Pont de Clichy, The","Paris: Summer, 1887",http://www.vggallery.com/painting/f_0303.jpg,Paris,1887
"Seine with the Pont de la Grande Jette, The","Paris: Summer, 1887",http://www.vggallery.com/painting/f_0304.jpg,Paris,1887
"Sheaf-Binder, The (after Millet)","Saint-Remy: September, 1889",http://www.vggallery.com/painting/f_0693.jpg,Saint-Remy,1889
Sheaves of Wheat,"Auvers-sur-Oise: July, 1890",http://www.vggallery.com/painting/f_0771.jpg,Auvers-sur-Oise,1890
Sheaves of Wheat in a Field,"Nuenen: August, 1885",http://www.vggallery.com/painting/f_0193.jpg,Nuenen,1885
"Sheep-Shearers, The (after Millet)","Saint-Remy: September, 1889",http://www.vggallery.com/painting/f_0634.jpg,Saint-Remy,1889
Shepherd with a Flock of Sheep,"Nuenen: September, 1884",http://www.vggallery.com/painting/f_0042.jpg,Nuenen,1884
"Shepherdess, The (after Millet)","Saint-Remy: November, 1889",http://www.vggallery.com/painting/f_0699.jpg,Saint-Remy,1889
Skull,"Paris: Winter, 1887/88",http://www.vggallery.com/painting/f_0297.jpg,Paris,1888
Skull,"Paris: Winter, 1887/88",http://www.vggallery.com/painting/f_0297a.jpg,Paris,1888
Skull with Burning Cigarette,"Antwerp: Winter, 1885/86",http://www.vggallery.com/painting/f_0212.jpg,Antwerp,1886
Sloping Path in Montmartre,"Paris: Spring, 1886",http://www.vggallery.com/painting/f_0232.jpg,Paris,1886
"Smoker, The","Arles: December, 1888",http://www.vggallery.com/painting/f_0534.jpg,Arles,1888
Snowy Landscape with Arles in the Background,"Arles: February, 1888",http://www.vggallery.com/painting/f_0391.jpg,Arles,1888
"Sower, The (after Millet)","Saint-Remy: late October, 1889",http://www.vggallery.com/painting/f_0690.jpg,Saint-Remy,1889
"Sower, The (after Millet)","Saint-Remy: October-November, 1889",http://www.vggallery.com/painting/f_0689.jpg,Saint-Remy,1889
"Sower (study), The","The Hague: August, 1883",http://www.vggallery.com/painting/f_0011.jpg,The Hague,1883
"Sower, The","Arles: June, 1888",http://www.vggallery.com/painting/f_0422.jpg,Arles,1888
"Sower, The","Arles: November, 1888",http://www.vggallery.com/painting/f_0451.jpg,Arles,1888
"Sower, The","Arles: November, 1888",http://www.vggallery.com/painting/f_0450.jpg,Arles,1888
"Sower, The","Arles: October, 1888",http://www.vggallery.com/painting/f_0494.jpg,Arles,1888
"Sower: Outskirts of Arles in the Background, The","Arles: September, 1888",http://www.vggallery.com/painting/f_0575a.jpg,Arles,1888
Spectators in the Arena at Arles,"Arles: December, 1888",http://www.vggallery.com/painting/f_0548.jpg,Arles,1888
"Spinner, The","Saint-Remy: September, 1889",http://www.vggallery.com/painting/f_0696.jpg,Saint-Remy,1889
Starry Night,"Saint-Remy: June, 1889",http://www.vggallery.com/painting/f_0612.jpg,Saint-Remy,1889
Starry Night Over the Rhone,"Arles: September, 1888",http://www.vggallery.com/painting/f_0474.jpg,Arles,1888
Still Life with a Basket of Apples,"Nuenen: September, 1885",http://www.vggallery.com/painting/f_0115.jpg,Nuenen,1885
Still Life with a Basket of Apples and Two Pumpkins,"Nuenen: September-October, 1885",http://www.vggallery.com/painting/f_0106.jpg,Nuenen,1885
Still Life with a Basket of Crocuses,"Paris: March-April, 1887",http://www.vggallery.com/painting/f_0334.jpg,Paris,1887
"Still Life with a Basket of Potatoes, Surrounded by Autumn Leaves and Vegetables","Nuenen: September, 1885",http://www.vggallery.com/painting/f_0102.jpg,Nuenen,1885
Still Life with Absinthe,"Paris: Spring, 1887",http://www.vggallery.com/painting/f_0339.jpg,Paris,1887
Still Life with an Earthen Bowl and Pears,"Nuenen: September, 1885",http://www.vggallery.com/painting/f_0105.jpg,Nuenen,1885
Still Life with an Earthen Bowl and Potatoes,Paris: c. 1886,http://www.vggallery.com/painting/f_0118.jpg,Paris,1886
Still Life with Apples,"Paris: Autumn-Winter, 1887/88",http://www.vggallery.com/painting/f_0254.jpg,Paris,1888
"Still Life with Apples, Pears, Lemons and Grapes","Paris: Autumn, 1887",http://www.vggallery.com/painting/f_0382.jpg,Paris,1887
Still Life with Basket and Six Oranges,"Arles: March, 1888",http://www.vggallery.com/painting/f_0395.jpg,Arles,1888
Still Life with Basket of Apples,"Paris: Autumn-Winter, 1887/88",http://www.vggallery.com/painting/f_0379.jpg,Paris,1888
Still Life with Basket of Apples (to Lucien Pissarro),"Paris: Autumn, 1887",http://www.vggallery.com/painting/f_0378.jpg,Paris,1887
Still Life with Bible,"Nuenen: October, 1885",http://www.vggallery.com/painting/f_0117.jpg,Nuenen,1885
Still Life with Birds' Nests,"Nuenen: late September-early October, 1885",http://www.vggallery.com/painting/f_0109r.jpg,Nuenen,1885
Still Life with Birds' Nests,"Nuenen: late September-early October, 1885 and 1886-87",http://www.vggallery.com/painting/f_0111.jpg,Nuenen,1887
Still Life with Bloaters,"Paris: Summer, 1886",http://www.vggallery.com/painting/f_0283.jpg,Paris,1886
Still Life with Bloaters,"Paris: Summer, 1886",http://www.vggallery.com/painting/f_0203.jpg,Paris,1886
Still Life with Bloaters and Garlic,"Paris: Spring, 1887",http://www.vggallery.com/painting/f_0283b.jpg,Paris,1887
Still Life with Bottles and a Cowrie Shell,"Nuenen: November, 1884",http://www.vggallery.com/painting/f_0064.jpg,Nuenen,1884
Still Life with Bottles and Earthenware,"Nuenen: November-April, 1884-85",http://www.vggallery.com/painting/f_0061r.jpg,Nuenen,1885
Still Life with Brass Cauldron and Jug,"Nuenen: September, 1885",http://www.vggallery.com/painting/f_0051.jpg,Nuenen,1885
Still Life with Cabbage and Clogs,"The Hague: late November-mid December, 1881",http://www.vggallery.com/painting/f_0001.jpg,The Hague,1881
Still Life with Clogs and Pots,"Nuenen: November, 1884",http://www.vggallery.com/painting/f_0054.jpg,Nuenen,1884
"Still Life with Coffee Mill, Pipe Case and Jug","Nuenen: November, 1884",http://www.vggallery.com/painting/f_0052.jpg,Nuenen,1884
Still Life with Copper Coffeepot and Two White Bowls,"Nuenen: April, 1885",http://www.vggallery.com/painting/f_0202.jpg,Nuenen,1885
Still Life with Decanter and Lemons on a Plate,"Paris: Spring, 1887",http://www.vggallery.com/painting/f_0340.jpg,Paris,1887
Still Life with Earthenware and Bottles,"Nuenen: September-mid-October, 1885",http://www.vggallery.com/painting/f_0053.jpg,Nuenen,1885
"Still Life with Earthenware, Bottle and Clogs","The Hague: Late November-mid-December, 1881",http://www.vggallery.com/painting/f_0063.jpg,The Hague,1881
Still Life with Five Bottles,"Nuenen: November, 1884",http://www.vggallery.com/painting/f_0056.jpg,Nuenen,1884
"Still Life with Four Stone Bottles, Flask and White Cup","Nuenen: November, 1884",http://www.vggallery.com/painting/f_0050.jpg,Nuenen,1884
Still Life with French Novels and a Rose,"Paris: Autumn, 1887",http://www.vggallery.com/painting/f_0359.jpg,Paris,1887
Still Life with Fruit and Chestnuts,"Paris: Autumn, 1886",http://www.vggallery.com/painting/b_0004.jpg,Paris,1886
Still Life with Ginger Jar and Apples,"Nuenen: September, 1885",http://www.vggallery.com/painting/f_0104.jpg,Nuenen,1885
Still Life with Ginger Jar and Onions,"Nuenen: September, 1885",http://www.vggallery.com/painting/f_0104a.jpg,Nuenen,1885
Still Life with Grapes,"Paris: Autumn, 1887",http://www.vggallery.com/painting/f_0603.jpg,Paris,1887
"Still Life with Grapes, Pears and Lemons","Paris: Autumn, 1887",http://www.vggallery.com/painting/f_0383.jpg,Paris,1887
Still Life with Lemons on a Plate,"Paris: March-April, 1887",http://www.vggallery.com/painting/f_0338.jpg,Paris,1887
Still Life with Meadow Flowers and Roses,Antwerp: 1886-87,http://www.vggallery.com/painting/f_0278.jpg,Antwerp,1887
"Still Life with Meat, Vegetables and Pottery","Paris: Summer, 1886",http://www.vggallery.com/painting/f_1670.jpg,Paris,1886
Still Life with Mussels and Shrimps,"Paris: Autumn, 1886",http://www.vggallery.com/painting/f_0256.jpg,Paris,1886
"Still Life with Oranges, Lemons and Blue Gloves","Arles: January, 1889",http://www.vggallery.com/painting/f_0502.jpg,Arles,1889
Still Life with Paintbrushes in a Pot,"Nuenen: November, 1884",http://www.vggallery.com/painting/f_0060.jpg,Nuenen,1884
"Still Life with Plaster Statuette, a Rose and Two Novels","Paris: December, 1887",http://www.vggallery.com/painting/f_0360.jpg,Paris,1887
"Still Life with Pots, Jar and Bottles","Nuenen: November, 1884",http://www.vggallery.com/painting/f_0178r.jpg,Nuenen,1884
Still Life with Pottery and Two Bottles,"Nuenen: November, 1884",http://www.vggallery.com/painting/f_0057.jpg,Nuenen,1884
"Still Life with Pottery, Beer Glass and Bottle","Nuenen: November, 1884",http://www.vggallery.com/painting/f_0058.jpg,Nuenen,1884
Still Life with Quince Pears,"Paris: Winter, 1887/88",http://www.vggallery.com/painting/f_0602.jpg,Paris,1888
Still Life with Red Cabbages and Garlic,"Paris: Autumn, 1887",http://www.vggallery.com/painting/f_0374.jpg,Paris,1887
Still Life with Scabiosa and Ranunculus,"Paris: Spring, 1886",http://www.vggallery.com/painting/f_0666.jpg,Paris,1886
Still Life with Three Birds' Nests,"Nuenen: September-October, 1885",http://www.vggallery.com/painting/f_0112.jpg,Nuenen,1885
Still Life with Three Birds' Nests,"Nuenen: October, 1885",http://www.vggallery.com/painting/f_0108.jpg,Nuenen,1885
Still Life with Three Birds' Nests,"Nuenen: October, 1885",http://www.vggallery.com/painting/f_0110.jpg,Nuenen,1885
Still Life with Three Books,"Paris: March-April, 1887",http://www.vggallery.com/painting/f_0335.jpg,Paris,1887
"Still Life with Two Herrings, a Cloth and a Glass","Paris: Summer, 1886",http://www.vggallery.com/painting/f_1671.jpg,Paris,1886
Still Life with Two Jars and Two Pumpkins,"Nuenen: September, 1885",http://www.vggallery.com/painting/f_0059.jpg,Nuenen,1885
Still Life with Two Sacks and a Bottle,"Nuenen: November, 1884",http://www.vggallery.com/painting/f_0055.jpg,Nuenen,1884
Still Life with Vegetables and Fruit,"Nuenen: September, 1885",http://www.vggallery.com/painting/f_0103.jpg,Nuenen,1885
Still Life with Yellow Straw Hat,"The Hague: Late November-mid-December, 1881",http://www.vggallery.com/painting/f_0062.jpg,The Hague,1881
Still Life: Bloaters on a Piece of Yellow Paper,"Arles: January, 1889",http://www.vggallery.com/painting/f_0510.jpg,Arles,1889
"Still Life: Blue Enamel Coffeepot, Earthenware and Fruit","Arles: May, 1888",http://www.vggallery.com/painting/f_0410.jpg,Arles,1888
"Still Life: Bottle, Lemons and Oranges","Arles: May, 1888",http://www.vggallery.com/painting/f_0384.jpg,Arles,1888
Still Life: Bowl with Daisies,"Arles: May, 1888",http://www.vggallery.com/painting/f_0591.jpg,Arles,1888
"Still Life: Drawing Board, Pipe, Onions and Sealing-Wax","Arles: January, 1889",http://www.vggallery.com/painting/f_0604.jpg,Arles,1889
Still Life: French Novels,"Arles: October, 1888",http://www.vggallery.com/painting/f_0358.jpg,Arles,1888
Still Life: Glass with Carnations,"Auvers-sur-Oise: June, 1890",http://www.vggallery.com/painting/f_0598.jpg,Auvers-sur-Oise,1890
Still Life: Glass with Wild Flowers,"Auvers-sur-Oise: June, 1890",http://www.vggallery.com/painting/f_0589.jpg,Auvers-sur-Oise,1890
Still Life: Japanese Vase with Roses and Anemones,"Auvers-sur-Oise: June, 1890",http://www.vggallery.com/painting/f_0764.jpg,Auvers-sur-Oise,1890
Still Life: Majolica Jug with Wildflowers,"Arles: May, 1888",http://www.vggallery.com/painting/f_0600.jpg,Arles,1888
Still Life: Pink Roses,"Auvers-sur-Oise: June, 1890",http://www.vggallery.com/painting/f_0595.jpg,Auvers-sur-Oise,1890
Still Life: Pink Roses in a Vase,"Saint-Remy: May, 1890",http://www.vggallery.com/painting/f_0682.jpg,Saint-Remy,1890
Still Life: Potatoes in a Yellow Dish,"Arles: March, 1888",http://www.vggallery.com/painting/f_0386.jpg,Arles,1888
Still Life: Red Poppies and Daisies,"Auvers-sur-Oise: June, 1890",http://www.vggallery.com/painting/f_0280.jpg,Auvers-sur-Oise,1890
Still Life: Two Red Herrings,"Arles: January, 1889",http://www.vggallery.com/painting/f_0283a.jpg,Arles,1889
Still Life: Vase with Five Sunflowers,"Arles: August, 1888",http://www.vggallery.com/painting/f_0459.jpg,Arles,1888
Still Life: Vase with Flower and Thistles,"Auvers-sur-Oise: June, 1890",http://www.vggallery.com/painting/f_0599.jpg,Auvers-sur-Oise,1890
Still Life: Vase with Fifteen Sunflowers,"Arles: August, 1888",http://www.vggallery.com/painting/f_0454.jpg,Arles,1888
Still Life: Vase with Fifteen Sunflowers,"Arles: January, 1889",http://www.vggallery.com/painting/f_0458.jpg,Arles,1889
Still Life: Vase with Fifteen Sunflowers,"Arles: January, 1889",http://www.vggallery.com/painting/f_0457.jpg,Arles,1889
Still Life: Vase with Irises,"Saint-Remy: May, 1890",http://www.vggallery.com/painting/f_0680.jpg,Saint-Remy,1890
Still Life: Vase with Irises Against a Yellow Background,"Saint-Remy: May, 1890",http://www.vggallery.com/painting/f_0678.jpg,Saint-Remy,1890
Still Life: Vase with Oleanders,"Arles: August, 1888",http://www.vggallery.com/painting/f_0594.jpg,Arles,1888
Still Life: Vase with Oleanders and Books,"Arles: August, 1888",http://www.vggallery.com/painting/f_0593.jpg,Arles,1888
Still Life: Vase with Rose-Mallows,"Auvers-sur-Oise: June, 1890",http://www.vggallery.com/painting/f_0764a.jpg,Auvers-sur-Oise,1890
Still Life: Vase with Roses,"Saint-Remy: May, 1890",http://www.vggallery.com/painting/f_0681.jpg,Saint-Remy,1890
Still Life: Vase with Twelve Sunflowers,"Arles: August, 1888",http://www.vggallery.com/painting/f_0456.jpg,Arles,1888
Still Life: Vase with Twelve Sunflowers,"Arles: January, 1889",http://www.vggallery.com/painting/f_0455.jpg,Arles,1889
Still Life: Vase with Zinnias,"Arles: August, 1888",http://www.vggallery.com/painting/f_0592.jpg,Arles,1888
"Stone Bench in the Garden of Saint-Paul Hospital, The","Saint-Remy: November, 1889",http://www.vggallery.com/painting/f_0732.jpg,Saint-Remy,1889
Street in Saintes-Maries,"Arles: early June, 1888",http://www.vggallery.com/painting/f_0420.jpg,Arles,1888
Street Scene in Montmartre,"Paris: Spring, 1887",http://www.vggallery.com/painting/jh_1240.jpg,Paris,1887
Street Scene in Montmartre: Le Moulin a Poivre,"Paris: February-March, 1887",http://www.vggallery.com/painting/f_0347.jpg,Paris,1887
Study for 'The Potato Eaters',"Nuenen: Early April, 1885",http://www.vggallery.com/painting/f_0077r.jpg,Nuenen,1885
Study of Pine Trees,"Saint-Remy: November, 1889",http://www.vggallery.com/painting/f_0742.jpg,Saint-Remy,1889
Sunny Lawn in a Public Park,"Arles: July, 1888",http://www.vggallery.com/painting/f_0428.jpg,Arles,1888
Sunset at Montmajour,"Arles: Summer, 1888",http://www.vggallery.com/painting/b_0003.jpg,Arles,1888
Sunset: Wheat Fields Near Arles,"Arles: June, 1888",http://www.vggallery.com/painting/f_0465.jpg,Arles,1888
Tambourine with Pansies,"Paris: Spring, 1886",http://www.vggallery.com/painting/f_0244.jpg,Paris,1886
Tarascon Diligence,"Arles: October, 1888",http://www.vggallery.com/painting/f_0478a.jpg,Arles,1888
Terrace of a Cafe on Montmartre (La Guinguette),"Paris: October, 1886",http://www.vggallery.com/painting/f_0238.jpg,Paris,1886
Thatched Cottages,"Auvers-sur-Oise: May, 1890",http://www.vggallery.com/painting/f_0750.jpg,Auvers-sur-Oise,1890
Thatched Cottages at Cordeville,"Auvers-sur-Oise: June, 1890",http://www.vggallery.com/painting/f_0792.jpg,Auvers-sur-Oise,1890
Thatched Cottages by a Hill,"Auvers-sur-Oise: July, 1890",http://www.vggallery.com/painting/f_0793.jpg,Auvers-sur-Oise,1890
Thatched Cottages in Jorgus,"Auvers-sur-Oise: June, 1890",http://www.vggallery.com/painting/f_0758.jpg,Auvers-sur-Oise,1890
Thatched Cottages in the Sunshine: Reminiscence of the North,"Saint-Remy: February, 1890",http://www.vggallery.com/painting/f_0674.jpg,Saint-Remy,1890
Thatched Sandstone Cottages in Chaponval,"Auvers-sur-Oise: July, 1890",http://www.vggallery.com/painting/f_0780.jpg,Auvers-sur-Oise,1890
Thistles,"Arles: August, 1888",http://www.vggallery.com/painting/f_0447.jpg,Arles,1888
Three Figures near a Canal with Windmill,"The Hague: August (?), 1883",http://www.vggallery.com/painting/f_1666.jpg,The Hague,1883
Three Pairs of Shoes,"Paris: December, 1886",http://www.vggallery.com/painting/f_0332.jpg,Paris,1886
Three Sunflowers in a Vase,"Arles: August, 1888",http://www.vggallery.com/painting/f_0453.jpg,Arles,1888
Three White Cottages in Saintes-Maries,"Arles: early June, 1888",http://www.vggallery.com/painting/f_0419.jpg,Arles,1888
"Thresher (after Millet), The","Saint-Remy: September, 1889",http://www.vggallery.com/painting/f_0692.jpg,Saint-Remy,1889
Tree Roots and Trunks,"Auvers-sur-Oise: July, 1890",http://www.vggallery.com/painting/f_0816.jpg,Auvers-sur-Oise,1890
Tree Trunks with Ivy,"Saint-Remy: July, 1889",http://www.vggallery.com/painting/f_0746.jpg,Saint-Remy,1889
Tree Trunks with Ivy,"Saint-Remy: Summer, 1889",http://www.vggallery.com/painting/f_0747.jpg,Saint-Remy,1889
Trees and Undergrowth,"Paris: Summer, 1887",http://www.vggallery.com/painting/f_0307.jpg,Paris,1887
Trees and Undergrowth,"Paris: Summer, 1887",http://www.vggallery.com/painting/f_0309a.jpg,Paris,1887
Trees in a Field on a Sunny Day,"Paris: Summer, 1887",http://www.vggallery.com/painting/f_0291.jpg,Paris,1887
Trees in the Garden of Saint-Paul Hospital,"Saint-Remy: October, 1889",http://www.vggallery.com/painting/f_0643.jpg,Saint-Remy,1889
Trees in the Garden of Saint-Paul Hospital,"Saint-Remy: October, 1889",http://www.vggallery.com/painting/f_0731.jpg,Saint-Remy,1889
Trees in the Garden of Saint-Paul Hospital,"Saint-Remy: October, 1889",http://www.vggallery.com/painting/f_0642.jpg,Saint-Remy,1889
"Trinquetaille Bridge, The","Arles: October, 1888",http://www.vggallery.com/painting/f_0481.jpg,Arles,1888
Trunk of an Old Yew Tree,"Arles: late October, 1888",http://www.vggallery.com/painting/f_0573.jpg,Arles,1888
"Twilight, before the Storm: Montmartre","Paris: Summer, 1886",http://www.vggallery.com/painting/f_1672.jpg,Paris,1886
Two Children,"Auvers-sur-Oise: June, 1890",http://www.vggallery.com/painting/f_0784.jpg,Auvers-sur-Oise,1890
Two Children,"Auvers-sur-Oise: June, 1890",http://www.vggallery.com/painting/f_0783.jpg,Auvers-sur-Oise,1890
Two Crabs,"Arles: January, 1889",http://www.vggallery.com/painting/f_0606.jpg,Arles,1889
Two Cut Sunflowers,"Paris: August-September, 1887",http://www.vggallery.com/painting/f_0377.jpg,Paris,1887
Two Cut Sunflowers,"Paris: August-September, 1887",http://www.vggallery.com/painting/f_0376.jpg,Paris,1887
Two Cut Sunflowers,"Paris: August-September, 1887",http://www.vggallery.com/painting/f_0375.jpg,Paris,1887
Two Diggers among Trees,"Saint-Remy: November-December, 1889",http://www.vggallery.com/painting/f_0701.jpg,Saint-Remy,1889
Two Hands,"Nuenen: April, 1885",http://www.vggallery.com/painting/f_0066.jpg,Nuenen,1885
Two Lovers (Fragment),"Arles: March, 1888",http://www.vggallery.com/painting/f_0544.jpg,Arles,1888
Two Peasants Digging (after Millet),"Saint-Remy: October, 1889",http://www.vggallery.com/painting/f_0648.jpg,Saint-Remy,1889
Two Peasant Women Digging,"Nuenen: July, 1885",http://www.vggallery.com/painting/f_0096.jpg,Nuenen,1885
Two Peasant Women Digging in Field with Snow,"Saint-Remy: March-April, 1890",http://www.vggallery.com/painting/f_0695.jpg,Saint-Remy,1890
Two Peasant Women Digging Potatoes,"Nuenen: August, 1885",http://www.vggallery.com/painting/f_0097.jpg,Nuenen,1885
Two Poplars on a Road Through the Hills,"Saint-Remy: October, 1889",http://www.vggallery.com/painting/f_0638.jpg,Saint-Remy,1889
Two Rats,"Nuenen: November, 1884",http://www.vggallery.com/painting/f_0177.jpg,Nuenen,1884
Two Thistles,"Arles: August, 1888",http://www.vggallery.com/painting/f_0447a.jpg,Arles,1888
Two White Butterflies,"Arles: Spring, 1889",http://www.vggallery.com/painting/f_0402.jpg,Arles,1889
Two Women Crossing the Fields,"Auvers-sur-Oise: July, 1890",http://www.vggallery.com/painting/f_0819.jpg,Auvers-sur-Oise,1890
Two Women in the Moor,"Nieuw-Amsterdam: October, 1883",http://www.vggallery.com/painting/f_0019.jpg,Nieuw-Amsterdam,1883
Two Women in the Woods,"The Hague: August, 1882",http://www.vggallery.com/painting/f_1665.jpg,The Hague,1882
Undergrowth,"Paris: Summer, 1887",http://www.vggallery.com/painting/f_0308.jpg,Paris,1887
Undergrowth,"Paris: Summer, 1887",http://www.vggallery.com/painting/f_0306.jpg,Paris,1887
Undergrowth with Ivy,"Saint-Remy: July, 1889",http://www.vggallery.com/painting/f_0745.jpg,Saint-Remy,1889
Undergrowth with Two Figures,"Auvers-sur-Oise: June, 1890",http://www.vggallery.com/painting/f_0773.jpg,Auvers-sur-Oise,1890
Valley with Ploughman Seen from Above,"Saint-Remy: December, 1889",http://www.vggallery.com/painting/f_0727.jpg,Saint-Remy,1889
Vase with Asters and Phlox,"Paris: late Summer, 1886",http://www.vggallery.com/painting/f_0234.jpg,Paris,1886
"Vase with Asters, Salvia and Other Flowers","Paris: Summer, 1886",http://www.vggallery.com/painting/f_0286.jpg,Paris,1886
Vase with Carnations,"Paris: Summer, 1886",http://www.vggallery.com/painting/f_0245.jpg,Paris,1886
Vase with Carnations,"Paris: Summer, 1886",http://www.vggallery.com/painting/f_0220.jpg,Paris,1886
Vase with Carnations,"Paris: Summer, 1886",http://www.vggallery.com/painting/f_0243.jpg,Paris,1886
Vase with Carnations and Other Flowers,"Paris: Summer, 1886",http://www.vggallery.com/painting/f_0596.jpg,Paris,1886
Vase with Carnations and Zinnias,"Paris: Summer, 1886",http://www.vggallery.com/painting/f_0259.jpg,Paris,1886
Vase with Cornflowers and Poppies,"Paris: Summer, 1887",http://www.vggallery.com/painting/f_0324.jpg,Paris,1887
Vase with Daisies,"Paris: Summer, 1886",http://www.vggallery.com/painting/f_0197.jpg,Paris,1886
Vase with Daisies and Anemones,"Paris: Summer, 1887",http://www.vggallery.com/painting/f_0323.jpg,Paris,1887
Vase with Dead Leaves,"Nuenen: November, 1884",http://www.vggallery.com/painting/f_0200.jpg,Nuenen,1884
Vase with Flowers,Paris: 1886-87,http://www.vggallery.com/painting/b_0001.jpg,Paris,1887
Vase with Gladioli,"Paris: late Summer, 1886",http://www.vggallery.com/painting/f_0248a.jpg,Paris,1886
Vase with Gladioli and Carnations,"Paris: Summer, 1886",http://www.vggallery.com/painting/f_0242.jpg,Paris,1886
Vase with Gladioli and Carnations,"Paris: Summer, 1886",http://www.vggallery.com/painting/f_0237.jpg,Paris,1886
Vase with Gladioli and Lilac,"Paris: Summer, 1886",http://www.vggallery.com/painting/f_0286a.jpg,Paris,1886
Vase with Hollyhocks,"Paris: August-September, 1886",http://www.vggallery.com/painting/f_0235.jpg,Paris,1886
Vase with Honesty,"Nuenen: Autumn-Winter, 1884-85",http://www.vggallery.com/painting/f_0076.jpg,Nuenen,1885
"Vase with Lilacs, Daisies and Anemones","Paris: Summer, 1887",http://www.vggallery.com/painting/f_0322.jpg,Paris,1887
Vase with Myosotis and Peonies,"Paris: June, 1886",http://www.vggallery.com/painting/f_0243a.jpg,Paris,1886
Vase with Peonies,"Paris: Summer, 1886",http://www.vggallery.com/painting/f_0666a.jpg,Paris,1886
Vase with Red Gladioli,"Paris: Summer, 1886",http://www.vggallery.com/painting/f_0248b.jpg,Paris,1886
Vase with Red Gladioli,"Paris: Summer, 1886",http://www.vggallery.com/painting/f_0247.jpg,Paris,1886
Vase with Red Gladioli,"Paris: Summer, 1886",http://www.vggallery.com/painting/f_0248.jpg,Paris,1886
Vase with Red Poppies,"Paris: Summer, 1886",http://www.vggallery.com/painting/f_0279.jpg,Paris,1886
Vase with Viscaria,"Paris: Summer, 1886",http://www.vggallery.com/painting/f_0324a.jpg,Paris,1886
Vase with White and Red Carnations,"Paris: Summer, 1886",http://www.vggallery.com/painting/f_0236.jpg,Paris,1886
Vase with Zinnias,"Paris: Summer, 1886",http://www.vggallery.com/painting/f_0252.jpg,Paris,1886
Vase with Zinnias and Geraniums,"Paris: Summer, 1886",http://www.vggallery.com/painting/f_0241.jpg,Paris,1886
Vase with Zinnias and Other Flowers,"Paris: Summer, 1886",http://www.vggallery.com/painting/f_0251.jpg,Paris,1886
Vegetable Garden in Montmartre,"Paris: February-March, 1887",http://www.vggallery.com/painting/f_0346.jpg,Paris,1887
Vegetable Gardens at Montmartre,"Paris: Summer, 1887",http://www.vggallery.com/painting/f_0316.jpg,Paris,1887
Vegetable Gardens in Montmartre: La Butte Montmartre,"Paris: June-July, 1887",http://www.vggallery.com/painting/f_0350.jpg,Paris,1887
"Vicarage at Nuenen, The","Nuenen: September-early October, 1885",http://www.vggallery.com/painting/f_0182.jpg,Nuenen,1885
View of a River with Rowing Boats,"Paris: Spring, 1887",http://www.vggallery.com/painting/f_0300.jpg,Paris,1887
View of a Town with Drawbridge,"Nuenen: October, 1885",http://www.vggallery.com/painting/f_0210.jpg,Nuenen,1885
View of Amsterdam from Central Station,"Nuenen: October, 1885",http://www.vggallery.com/painting/f_0113.jpg,Nuenen,1885
View of Arles with Irises in the Foreground,"Arles: May, 1888",http://www.vggallery.com/painting/f_0409.jpg,Arles,1888
View of Arles with Trees in Blossom,"Arles: April, 1888",http://www.vggallery.com/painting/f_0515.jpg,Arles,1888
View of Auvers,"Auvers-sur-Oise: May-June, 1890",http://www.vggallery.com/painting/f_0799.jpg,Auvers-sur-Oise,1890
View of Auvers with Church,"Auvers-sur-Oise: July, 1890",http://www.vggallery.com/painting/f_0800.jpg,Auvers-sur-Oise,1890
View of Montmartre with Windmills,"Paris: Autumn, 1886",http://www.vggallery.com/painting/f_0266.jpg,Paris,1886
View of Paris from Montmartre,"Paris: late Summer, 1886",http://www.vggallery.com/painting/f_0262.jpg,Paris,1886
View of Paris from near Montmartre,"Paris: Spring, 1886",http://www.vggallery.com/painting/f_0265.jpg,Paris,1886
View of Paris from Vincent's Room in the Rue Lepic,"Paris: Spring, 1887",http://www.vggallery.com/painting/f_0341.jpg,Paris,1887
View of Paris from Vincent's Room in the Rue Lepic,"Paris: Spring, 1887",http://www.vggallery.com/painting/f_0341a.jpg,Paris,1887
View of Saintes-Maries,"Arles: June, 1888",http://www.vggallery.com/painting/f_0416.jpg,Arles,1888
View of the Church of Saint-Paul-de-Mausole,"Saint-Remy: October, 1889",http://www.vggallery.com/painting/f_0803.jpg,Saint-Remy,1889
View of Roofs and Backs of Houses,"Paris: Spring, 1886",http://www.vggallery.com/painting/f_0231.jpg,Paris,1886
View of the Roofs of Paris,"Paris: late Summer, 1886",http://www.vggallery.com/painting/f_0261.jpg,Paris,1886
View of the Sea at Scheveningen,Scheveningen: 21 or 22 August 1882,http://www.vggallery.com/painting/f_0004.jpg,Scheveningen,1882
View of Vessenots Near Auvers,"Auvers-sur-Oise: May, 1890",http://www.vggallery.com/painting/f_0797.jpg,Auvers-sur-Oise,1890
Village at Sunset,"Nuenen: Summer, 1884",http://www.vggallery.com/painting/f_0190.jpg,Nuenen,1884
Village Street and Steps in Auvers with Figures,"Auvers-sur-Oise: late May, 1890",http://www.vggallery.com/painting/f_0795.jpg,Auvers-sur-Oise,1890
Village Street and Steps in Auvers with Two Figures,"Auvers-sur-Oise: May-June, 1890",http://www.vggallery.com/painting/f_0796.jpg,Auvers-sur-Oise,1890
Village Street in Auvers,"Auvers-sur-Oise: May, 1890",http://www.vggallery.com/painting/f_0802.jpg,Auvers-sur-Oise,1890
Vincent's Bedroom in Arles,"Arles: October, 1888",http://www.vggallery.com/painting/f_0482.jpg,Arles,1888
Vincent's Bedroom in Arles,"Saint-Remy: September, 1889",http://www.vggallery.com/painting/f_0483.jpg,Saint-Remy,1889
Vincent's Chair with His Pipe,"Arles: December, 1888",http://www.vggallery.com/painting/f_0498.jpg,Arles,1888
Vincent's House in Arles (The Yellow House),"Arles: September, 1888",http://www.vggallery.com/painting/f_0464.jpg,Arles,1888
Vineyards with a View of Auvers,"Auvers-sur-Oise: June, 1890",http://www.vggallery.com/painting/f_0762.jpg,Auvers-sur-Oise,1890
Walk Along the Banks of the Seine Near Asnieres,"Paris: June-July, 1887",http://www.vggallery.com/painting/f_0299.jpg,Paris,1887
"Walk: Falling Leaves, The","Saint-Remy: October, 1889",http://www.vggallery.com/painting/f_0651.jpg,Saint-Remy,1889
Ward in the Hospital in Arles,"Arles: April, 1889",http://www.vggallery.com/painting/f_0646.jpg,Arles,1889
Water Mill at Gennep,"Nuenen: November, 1884",http://www.vggallery.com/painting/f_0125.jpg,Nuenen,1884
Water Mill at Gennep,"Nuenen: November, 1884",http://www.vggallery.com/painting/f_0046.jpg,Nuenen,1884
Water Mill at Kollen Near Nuenen,"Nuenen: May, 1884",http://www.vggallery.com/painting/f_0048a.jpg,Nuenen,1884
Water Mill at Opwetten,"Nuenen: November, 1884",http://www.vggallery.com/painting/f_0048.jpg,Nuenen,1884
Weaver Arranging Threads,"Nuenen: April-May, 1884",http://www.vggallery.com/painting/f_0035.jpg,Nuenen,1884
Weaver Arranging Threads,"Nuenen: May, 1884",http://www.vggallery.com/painting/f_0032.jpg,Nuenen,1884
Weaver Facing Left with Spinning Wheel,"Nuenen: March, 1884",http://www.vggallery.com/painting/f_0029.jpg,Nuenen,1884
Weaver Facing Right,"Nuenen: February, 1884",http://www.vggallery.com/painting/f_0162.jpg,Nuenen,1884
Weaver Facing Right (Half-Figure),"Nuenen: January, 1884",http://www.vggallery.com/painting/f_0026.jpg,Nuenen,1884
"Weaver, Interior with Three Small Windows","Nuenen: July, 1884",http://www.vggallery.com/painting/f_0037.jpg,Nuenen,1884
Weaver Near an Open Window,"Nuenen: July, 1884",http://www.vggallery.com/painting/f_0024.jpg,Nuenen,1884
"Weaver, Seen from the Front","Nuenen: July, 1884",http://www.vggallery.com/painting/f_0027.jpg,Nuenen,1884
"Weaver, Seen from the Front","Nuenen: May, 1884",http://www.vggallery.com/painting/f_0030.jpg,Nuenen,1884
Weaver Standing in Front of a Loom,"Nuenen: May, 1884",http://www.vggallery.com/painting/f_0033.jpg,Nuenen,1884
Wheat Field,"Arles: June, 1888",http://www.vggallery.com/painting/f_0564.jpg,Arles,1888
Wheat Field at Auvers with White House,"Auvers-sur-Oise: June, 1890",http://www.vggallery.com/painting/f_0804.jpg,Auvers-sur-Oise,1890
Wheat Field Behind Saint-Paul Hospital,"Saint-Remy: November-December, 1889",http://www.vggallery.com/painting/f_0722.jpg,Saint-Remy,1889
Wheat Field Behind Saint-Paul Hospital with a Reaper,"Saint-Remy: September, 1889",http://www.vggallery.com/painting/f_0619.jpg,Saint-Remy,1889
Wheat Field in Rain,"Saint-Remy: early November, 1889",http://www.vggallery.com/painting/f_0650.jpg,Saint-Remy,1889
Wheat Field Under Clouded Sky,"Auvers-sur-Oise: July, 1890",http://www.vggallery.com/painting/f_0778.jpg,Auvers-sur-Oise,1890
Wheat Field with a Lark,"Paris: Summer, 1887",http://www.vggallery.com/painting/f_0310.jpg,Paris,1887
Wheat Field with Cornflowers,"Auvers-sur-Oise: July, 1890",http://www.vggallery.com/painting/f_0808.jpg,Auvers-sur-Oise,1890
Wheat Field with Crows,"Auvers-sur-Oise: July, 1890",http://www.vggallery.com/painting/f_0779.jpg,Auvers-sur-Oise,1890
Wheat Field with Cypresses,"Saint-Remy: early September, 1889",http://www.vggallery.com/painting/f_0615.jpg,Saint-Remy,1889
Wheat Field with Cypresses,"Saint-Remy: September, 1889",http://www.vggallery.com/painting/f_0743.jpg,Saint-Remy,1889
Wheat Field with Cypresses at the Haute Galline Near Eygalieres,"Saint-Remy: late June, 1889",http://www.vggallery.com/painting/f_0717.jpg,Saint-Remy,1889
Wheat Field with Reaper and Sun,"Saint-Remy: late June, 1889",http://www.vggallery.com/painting/f_0617.jpg,Saint-Remy,1889
Wheat Field with Sheaves,"Arles: June, 1888",http://www.vggallery.com/painting/f_0561.jpg,Arles,1888
Wheat Field with the Alpilles Foothills in the Background,"Arles: June, 1888",http://www.vggallery.com/painting/f_0411.jpg,Arles,1888
Wheat Fields,"Auvers-sur-Oise: July, 1890",http://www.vggallery.com/painting/f_0812.jpg,Auvers-sur-Oise,1890
Wheat Fields at Auvers Under Clouded Sky,"Auvers-sur-Oise: July, 1890",http://www.vggallery.com/painting/f_0781.jpg,Auvers-sur-Oise,1890
Wheat Fields near Auvers,"Auvers-sur-Oise: June, 1890",http://www.vggallery.com/painting/f_0775.jpg,Auvers-sur-Oise,1890
Wheat Fields with Auvers in the Background,"Auvers-sur-Oise: July, 1890",http://www.vggallery.com/painting/f_0801.jpg,Auvers-sur-Oise,1890
Wheat Fields with Reaper at Sunrise,"Saint-Remy: early September, 1889",http://www.vggallery.com/painting/f_0618.jpg,Saint-Remy,1889
Wheat Fields with Stacks,"Arles: June, 1888",http://www.vggallery.com/painting/jh_1478.jpg,Arles,1888
Wheat Stacks with Reaper,"Auvers-sur-Oise: July, 1890",http://www.vggallery.com/painting/f_0559.jpg,Auvers-sur-Oise,1890
"White Cottage Among the Olive Trees, The","Saint-Remy: December, 1889",http://www.vggallery.com/painting/f_0664.jpg,Saint-Remy,1889
"White House at Night, The","Auvers-sur-Oise: June, 1890",http://www.vggallery.com/painting/f_0766.jpg,Auvers-sur-Oise,1890
"White Orchard, The","Arles: April, 1888",http://www.vggallery.com/painting/f_0403.jpg,Arles,1888
White Vase with Roses and Other Flowers,"Paris: Summer, 1886",http://www.vggallery.com/painting/f_0258.jpg,Paris,1886
Wild Flowers and Thistles in a Vase,"Auvers-sur-Oise: June, 1890",http://www.vggallery.com/painting/f_0763.jpg,Auvers-sur-Oise,1890
Wild Roses,"Saint-Remy: April-May, 1890",http://www.vggallery.com/painting/f_0597.jpg,Saint-Remy,1890
Willows at Sunset,"Arles: Autumn, 1888",http://www.vggallery.com/painting/f_0572.jpg,Arles,1888
"Willow, The","Nuenen: November, 1885",http://www.vggallery.com/painting/f_0195.jpg,Nuenen,1885
"Wind-Beaten Tree, A","The Hague: August, 1883",http://www.vggallery.com/painting/f_0010.jpg,The Hague,1883
Windmill on Montmartre,"Paris: Autumn, 1886",http://www.vggallery.com/painting/f_0271.jpg,Paris,1886
Woman Lifting Potatoes,"Nuenen: late July-August, 1885",http://www.vggallery.com/painting/f_0147.jpg,Nuenen,1885
Woman Sewing,"Nuenen: March-April, 1885",http://www.vggallery.com/painting/f_0071.jpg,Nuenen,1885
Woman Sitting by a Cradle,"Paris: Spring, 1887",http://www.vggallery.com/painting/f_0369.jpg,Paris,1887
Woman Sitting in the Grass,"Paris: Spring, 1887",http://www.vggallery.com/painting/f_0367.jpg,Paris,1887
"Woman Walking in a Garden, A","Paris: June-July, 1887",http://www.vggallery.com/painting/f_0368.jpg,Paris,1887
Woman Winding Yarn,"Nuenen: March, 1885",http://www.vggallery.com/painting/f_0036.jpg,Nuenen,1885
Woman with a Mourning Shawl,"Nuenen: March-May, 1885",http://www.vggallery.com/painting/f_0161.jpg,Nuenen,1885
Women Mending Nets in the Dunes,"The Hague: August, 1882",http://www.vggallery.com/painting/f_0007.jpg,The Hague,1882
Wood Gatherers in the Snow,"Nuenen: September, 1884",http://www.vggallery.com/painting/f_0043.jpg,Nuenen,1884
"Woodcutter, The (after Millet)","Saint-Remy: February, 1890",http://www.vggallery.com/painting/f_0670.jpg,Saint-Remy,1890
Wooden Sheds,"Saint-Remy: December, 1889",http://www.vggallery.com/painting/f_0623.jpg,Saint-Remy,1889
Young Girl Standing Against a Background of Wheat,"Auvers-sur-Oise: late June, 1890",http://www.vggallery.com/painting/f_0788.jpg,Auvers-sur-Oise,1890
Young Man with a Cap,"Arles: December, 1888",http://www.vggallery.com/painting/f_0536.jpg,Arles,1888
Young Man with Cornflower,"Auvers-sur-Oise: June, 1890",http://www.vggallery.com/painting/f_0787.jpg,Auvers-sur-Oise,1890
Young Peasant Woman with Straw Hat Sitting in the Wheat,"Auvers-sur-Oise: late June, 1890",http://www.vggallery.com/painting/f_0774.jpg,Auvers-sur-Oise,1890
"Zouave (Half Length), The","Arles: June, 1888",http://www.vggallery.com/painting/f_0423.jpg,Arles,1888
